region;departement;clpe;annee;nb_fiches_action;nb_acteurs_associes;nb_beneficiaires;nb_fiches_avec_beneficiaires;critere_innovant;critere_impact_usager;critere_qualite_description;critere_bilan_valorisation;axe_pct_description;axe_pct_problematique;axe_pct_etapes;axe_pct_ciblage;axe_pct_suivi;axe_pct_resultats;axe_pct_impact_usager;axe_pct_maj;axe_pct_bilan;axe_pct_valorisation;axe_pct_diversite_acteurs;axe_pct_efficacite;axe_pct_vigilance;axe_pct_moyens;nb_fiches_m01;nb_fiches_m02;nb_fiches_m03;nb_fiches_m04;nb_fiches_m05;nb_fiches_m06;nb_fiches_m07;nb_fiches_m08;nb_fiches_m09;nb_fiches_m10;nb_fiches_m11;nb_fiches_m12
Auvergne-Rhône-Alpes;Ain;Dombes - Saône - Côtière;2025;3;24;0.0;0;2.17;2.91;3.4;1.07;0.0;33.3;0.0;33.3;0.0;0.0;0.0;33.3;0.0;0.0;0.0;0.0;0.0;0.0;0;0;0;0;0;0;0;3;0;0;0;0
Auvergne-Rhône-Alpes;Ain;Grand Bourg Agglomération - Bresse - Veyle;2026;1;4;0.0;0;0.88;0.44;2.86;0.14;0.0;0.0;0.0;0.0;0.0;0.0;100.0;0.0;0.0;0.0;0.0;0.0;0.0;0.0;1;0;0;0;0;0;0;0;0;0;0;0
Auvergne-Rhône-Alpes;Ain;Haut Bugey Agglomération - Valserhône - Pays de Gex;2025;2;7;0.0;0;1.82;3.24;3.16;0.42;0.0;50.0;0.0;0.0;0.0;0.0;0.0;0.0;0.0;0.0;50.0;0.0;0.0;0.0;0;0;0;0;0;0;0;0;2;0;0;0
Auvergne-Rhône-Alpes;Ain;Plaine de l’Ain - Bugey Sud - Rives de l'Ain Pays du Cerdon;2025;1;5;0.0;0;1.84;3.34;3.31;0.14;0.0;0.0;0.0;0.0;0.0;0.0;0.0;0.0;0.0;0.0;100.0;0.0;0.0;0.0;0;0;0;0;0;0;0;0;1;0;0;0
Auvergne-Rhône-Alpes;Allier;Montluçon;2025;6;44;0.0;0;1.39;1.32;3.09;0.57;16.7;16.7;0.0;0.0;0.0;0.0;50.0;0.0;16.7;0.0;0.0;0.0;0.0;0.0;0;0;0;0;2;2;0;0;0;0;2;0
Auvergne-Rhône-Alpes;Allier;Moulins;2025;4;37;4.0;3;1.25;2.68;2.91;1.36;25.0;50.0;0.0;0.0;0.0;0.0;25.0;0.0;0.0;0.0;0.0;0.0;0.0;0.0;0;0;0;0;0;4;0;0;0;0;0;0
Auvergne-Rhône-Alpes;Allier;Moulins;2026;3;19;4.0;3;2.02;3.1;3.46;0.14;0.0;33.3;0.0;0.0;0.0;33.3;0.0;0.0;33.3;0.0;0.0;0.0;0.0;0.0;0;0;2;0;0;0;1;0;0;0;0;0
Auvergne-Rhône-Alpes;Allier;Vichy;2025;5;39;0.0;0;2.7;3.08;3.38;0.93;20.0;40.0;0.0;0.0;0.0;0.0;0.0;0.0;0.0;0.0;20.0;0.0;0.0;20.0;0;0;0;0;0;4;0;0;0;0;0;1
Auvergne-Rhône-Alpes;Ardèche;Annonay;2025;2;15;0.0;0;0.32;2.63;3.62;0.14;0.0;0.0;0.0;0.0;0.0;0.0;0.0;100.0;0.0;0.0;0.0;0.0;0.0;0.0;0;0;0;0;0;0;0;0;2;0;0;0
Auvergne-Rhône-Alpes;Ardèche;Aubenas;2025;3;23;0.0;0;1.01;2.69;2.9;0.34;0.0;0.0;0.0;0.0;33.3;0.0;0.0;66.7;0.0;0.0;0.0;0.0;0.0;0.0;0;0;0;0;0;0;3;0;0;0;0;0
Auvergne-Rhône-Alpes;Ardèche;Centre Ardèche;2025;2;15;0.0;0;1.49;3.03;3.24;1.46;0.0;0.0;0.0;0.0;0.0;0.0;0.0;0.0;0.0;0.0;0.0;0.0;0.0;100.0;0;0;0;0;0;0;2;0;0;0;0;0
Auvergne-Rhône-Alpes;Cantal;Aurillac;2025;4;22;0.0;0;2.26;1.42;3.02;0.14;0.0;0.0;0.0;0.0;0.0;0.0;0.0;100.0;0.0;0.0;0.0;0.0;0.0;0.0;0;0;4;0;0;0;0;0;0;0;0;0
Auvergne-Rhône-Alpes;Cantal;Mauriac;2025;4;17;0.0;0;1.67;2.24;2.42;0.14;0.0;0.0;0.0;0.0;0.0;0.0;0.0;100.0;0.0;0.0;0.0;0.0;0.0;0.0;0;1;3;0;0;0;0;0;0;0;0;0
Auvergne-Rhône-Alpes;Cantal;Saint-Flour;2025;3;11;0.0;0;2.61;2.0;3.5;0.14;0.0;0.0;0.0;0.0;0.0;0.0;0.0;100.0;0.0;0.0;0.0;0.0;0.0;0.0;0;0;3;0;0;0;0;0;0;0;0;0
Auvergne-Rhône-Alpes;Drôme;Drôme - Ardèche Centre;2025;1;7;0.0;0;2.43;0.44;1.99;0.14;0.0;0.0;0.0;0.0;0.0;100.0;0.0;0.0;0.0;0.0;0.0;0.0;0.0;0.0;0;0;0;0;0;0;0;0;1;0;0;0
Auvergne-Rhône-Alpes;Drôme;Drôme - Ardèche Sud;2025;1;11;0.0;0;0.41;2.44;2.91;0.14;100.0;0.0;0.0;0.0;0.0;0.0;0.0;0.0;0.0;0.0;0.0;0.0;0.0;0.0;0;0;0;0;0;0;1;0;0;0;0;0
Auvergne-Rhône-Alpes;Drôme;Nord Ardèche - Nord Drôme;2025;4;29;0.0;0;2.33;3.21;2.84;0.14;0.0;25.0;50.0;25.0;0.0;0.0;0.0;0.0;0.0;0.0;0.0;0.0;0.0;0.0;0;0;0;0;0;1;1;0;2;0;0;0
Auvergne-Rhône-Alpes;Drôme;Vallée de la Drôme;2025;3;33;0.0;0;3.2;2.95;3.27;0.65;0.0;33.3;0.0;0.0;33.3;0.0;0.0;33.3;0.0;0.0;0.0;0.0;0.0;0.0;0;0;0;0;0;0;0;0;3;0;0;0
Auvergne-Rhône-Alpes;Haute-Loire;Brioude;2025;5;44;0.0;0;2.02;2.78;3.2;0.35;20.0;0.0;20.0;20.0;0.0;0.0;0.0;40.0;0.0;0.0;0.0;0.0;0.0;0.0;0;0;0;0;0;0;0;4;0;1;0;0
Auvergne-Rhône-Alpes;Haute-Loire;Le Puy-en-Velay;2025;7;65;6.0;1;2.49;2.07;3.51;0.33;0.0;0.0;0.0;28.6;0.0;28.6;14.3;14.3;0.0;14.3;0.0;0.0;0.0;0.0;0;0;0;0;0;0;0;4;0;3;0;0
Auvergne-Rhône-Alpes;Haute-Loire;Yssingeaux;2025;6;57;3.0;1;2.08;2.23;3.33;0.52;0.0;0.0;16.7;16.7;0.0;0.0;33.3;33.3;0.0;0.0;0.0;0.0;0.0;0.0;0;0;0;0;0;0;0;5;0;1;0;0
Auvergne-Rhône-Alpes;Haute-Savoie;Annecy;2025;1;2;0.0;0;3.16;3.5;2.52;0.14;0.0;0.0;100.0;0.0;0.0;0.0;0.0;0.0;0.0;0.0;0.0;0.0;0.0;0.0;0;0;0;0;0;0;0;0;1;0;0;0
Auvergne-Rhône-Alpes;Haute-Savoie;Annecy;2026;3;16;1.0;1;1.03;3.18;2.89;0.14;0.0;0.0;66.7;0.0;0.0;0.0;0.0;0.0;33.3;0.0;0.0;0.0;0.0;0.0;0;0;0;0;0;3;0;0;0;0;0;0
Auvergne-Rhône-Alpes;Haute-Savoie;Saint-Julien-en-Genevois;2026;2;27;0.0;0;3.26;2.99;3.48;0.14;0.0;0.0;0.0;100.0;0.0;0.0;0.0;0.0;0.0;0.0;0.0;0.0;0.0;0.0;2;0;0;0;0;0;0;0;0;0;0;0
Auvergne-Rhône-Alpes;Isère;Alpes Sud Isère et Vercors;2025;3;29;0.0;0;2.95;2.24;3.11;0.5;0.0;0.0;0.0;66.7;0.0;0.0;33.3;0.0;0.0;0.0;0.0;0.0;0.0;0.0;0;0;0;0;3;0;0;0;0;0;0;0
Auvergne-Rhône-Alpes;Isère;Grenoble centre;2025;5;53;0.0;0;2.61;2.74;3.38;0.14;0.0;0.0;20.0;0.0;0.0;0.0;20.0;0.0;0.0;20.0;0.0;0.0;0.0;40.0;0;0;0;0;0;0;0;0;0;5;0;0
Auvergne-Rhône-Alpes;Isère;La tour du pin;2025;4;19;1.0;1;1.89;0.99;3.26;0.82;0.0;0.0;25.0;0.0;0.0;0.0;25.0;0.0;25.0;0.0;25.0;0.0;0.0;0.0;0;0;0;0;0;0;0;0;0;1;3;0
Auvergne-Rhône-Alpes;Isère;Vienne;2025;3;26;0.0;0;1.31;2.28;2.81;0.14;0.0;0.0;33.3;0.0;0.0;0.0;0.0;0.0;66.7;0.0;0.0;0.0;0.0;0.0;0;0;0;0;0;0;0;0;0;0;3;0
Auvergne-Rhône-Alpes;Loire;Loire Sud;2025;3;13;0.0;0;1.06;2.17;3.75;0.14;0.0;0.0;0.0;0.0;33.3;0.0;0.0;0.0;0.0;0.0;33.3;0.0;0.0;33.3;0;0;0;0;0;3;0;0;0;0;0;0
Auvergne-Rhône-Alpes;Loire;Montbrison;2025;2;19;0.0;0;1.45;2.45;2.88;1.04;0.0;50.0;0.0;0.0;0.0;0.0;0.0;0.0;50.0;0.0;0.0;0.0;0.0;0.0;0;0;0;0;0;2;0;0;0;0;0;0
Auvergne-Rhône-Alpes;Loire;Roanne;2025;3;26;0.0;0;2.16;2.69;2.75;0.31;33.3;0.0;0.0;0.0;0.0;0.0;0.0;66.7;0.0;0.0;0.0;0.0;0.0;0.0;0;0;0;0;0;3;0;0;0;0;0;0
Auvergne-Rhône-Alpes;Lyon Métropole;Les Portes du Sud;2025;2;7;0.0;0;1.21;2.34;3.04;0.87;0.0;100.0;0.0;0.0;0.0;0.0;0.0;0.0;0.0;0.0;0.0;0.0;0.0;0.0;0;0;0;0;0;0;0;2;0;0;0;0
Auvergne-Rhône-Alpes;Lyon Métropole;Lyon;2025;4;20;0.0;0;1.53;1.77;2.5;0.14;0.0;0.0;75.0;0.0;0.0;0.0;0.0;0.0;0.0;0.0;0.0;0.0;0.0;25.0;0;0;0;0;0;0;0;0;4;0;0;0
Auvergne-Rhône-Alpes;Lyon Métropole;Lônes et Côteaux du Rhône;2025;1;14;0.0;0;3.89;2.63;2.1;0.14;0.0;0.0;0.0;100.0;0.0;0.0;0.0;0.0;0.0;0.0;0.0;0.0;0.0;0.0;0;0;0;0;0;0;0;0;1;0;0;0
Auvergne-Rhône-Alpes;Lyon Métropole;Portes des Alpes;2025;4;25;0.0;0;1.22;0.38;2.47;0.14;0.0;0.0;50.0;0.0;0.0;0.0;50.0;0.0;0.0;0.0;0.0;0.0;0.0;0.0;0;0;0;0;0;0;0;0;4;0;0;0
Auvergne-Rhône-Alpes;Lyon Métropole;Rhône Amont;2025;3;19;0.0;0;2.32;2.78;2.87;1.33;66.7;0.0;0.0;0.0;0.0;0.0;0.0;0.0;0.0;0.0;0.0;0.0;0.0;33.3;0;0;0;0;0;0;1;1;0;0;1;0
Auvergne-Rhône-Alpes;Lyon Métropole;Rhône Amont;2026;2;16;0.0;0;1.38;3.59;3.4;1.27;50.0;0.0;0.0;0.0;0.0;0.0;0.0;0.0;0.0;0.0;0.0;0.0;50.0;0.0;0;2;0;0;0;0;0;0;0;0;0;0
Auvergne-Rhône-Alpes;Lyon Métropole;Val d'Yzeron et Ouest Nord;2025;4;19;0.0;0;1.8;3.07;3.33;0.83;0.0;0.0;25.0;0.0;25.0;0.0;0.0;0.0;0.0;0.0;50.0;0.0;0.0;0.0;0;0;0;0;0;0;1;1;2;0;0;0
Auvergne-Rhône-Alpes;Lyon Métropole;Val de Saône et Plateau Nord;2025;5;10;0.0;0;2.93;2.11;2.12;0.97;0.0;40.0;0.0;20.0;0.0;20.0;0.0;0.0;0.0;0.0;20.0;0.0;0.0;0.0;0;0;0;0;0;0;0;5;0;0;0;0
Auvergne-Rhône-Alpes;Lyon Métropole;Villeurbanne;2025;2;11;0.0;0;2.4;2.74;3.54;0.14;0.0;0.0;0.0;0.0;0.0;0.0;0.0;50.0;0.0;0.0;50.0;0.0;0.0;0.0;0;0;0;0;0;0;1;1;0;0;0;0
Auvergne-Rhône-Alpes;Nouveau Rhône;Rhône Nord;2025;3;34;0.0;0;1.8;3.08;3.03;1.05;0.0;0.0;33.3;0.0;0.0;33.3;0.0;0.0;0.0;0.0;0.0;0.0;33.3;0.0;0;0;0;0;0;0;3;0;0;0;0;0
Auvergne-Rhône-Alpes;Nouveau Rhône;Rhône Ouest;2025;5;51;0.0;0;2.68;2.5;3.08;0.56;0.0;20.0;0.0;0.0;20.0;0.0;0.0;40.0;0.0;0.0;20.0;0.0;0.0;0.0;0;0;0;0;0;0;2;2;1;0;0;0
Auvergne-Rhône-Alpes;Nouveau Rhône;Rhône Sud 1;2025;4;32;0.0;0;1.45;2.58;3.63;0.42;0.0;0.0;0.0;25.0;0.0;0.0;25.0;0.0;0.0;0.0;0.0;0.0;0.0;50.0;0;0;0;0;0;0;3;1;0;0;0;0
Auvergne-Rhône-Alpes;Nouveau Rhône;Rhône Sud 2;2025;5;41;0.0;0;1.48;2.74;3.5;0.78;0.0;0.0;0.0;60.0;0.0;0.0;0.0;40.0;0.0;0.0;0.0;0.0;0.0;0.0;0;0;0;0;0;0;5;0;0;0;0;0
Auvergne-Rhône-Alpes;Nouveau Rhône;Rhône Sud 2;2026;1;12;0.0;0;1.78;2.85;2.76;0.14;100.0;0.0;0.0;0.0;0.0;0.0;0.0;0.0;0.0;0.0;0.0;0.0;0.0;0.0;0;0;0;0;1;0;0;0;0;0;0;0
Auvergne-Rhône-Alpes;Puy-de-Dôme;Clermont Métropole;2025;3;26;0.0;0;3.54;3.32;2.99;0.14;0.0;66.7;0.0;0.0;0.0;0.0;0.0;0.0;0.0;0.0;0.0;0.0;0.0;33.3;0;0;0;0;0;0;0;0;0;0;3;0
Auvergne-Rhône-Alpes;Puy-de-Dôme;Livradois Forez;2025;1;6;0.0;0;2.52;2.86;3.28;0.4;0.0;0.0;0.0;0.0;0.0;0.0;0.0;100.0;0.0;0.0;0.0;0.0;0.0;0.0;0;0;0;0;0;0;1;0;0;0;0;0
Auvergne-Rhône-Alpes;Puy-de-Dôme;Riom Limagne Combrailles;2025;3;24;0.0;0;0.71;2.23;2.8;0.23;33.3;0.0;0.0;0.0;0.0;0.0;0.0;33.3;33.3;0.0;0.0;0.0;0.0;0.0;0;0;0;0;0;0;1;2;0;0;0;0
Auvergne-Rhône-Alpes;Puy-de-Dôme;Sancy Val d'Allier;2025;6;38;0.0;0;1.06;1.12;2.96;0.44;0.0;16.7;0.0;0.0;0.0;16.7;33.3;16.7;0.0;0.0;16.7;0.0;0.0;0.0;0;0;0;0;0;0;6;0;0;0;0;0
Auvergne-Rhône-Alpes;Savoie;Albertville;2026;3;18;0.0;0;1.42;0.89;2.72;0.14;0.0;0.0;0.0;0.0;33.3;66.7;0.0;0.0;0.0;0.0;0.0;0.0;0.0;0.0;0;3;0;0;0;0;0;0;0;0;0;0
Auvergne-Rhône-Alpes;Savoie;Chambéry;2025;4;28;0.0;0;2.11;1.82;2.44;0.14;50.0;0.0;25.0;0.0;25.0;0.0;0.0;0.0;0.0;0.0;0.0;0.0;0.0;0.0;0;0;0;0;0;0;1;1;2;0;0;0
Bourgogne-Franche-Comté;Côte-d'Or;Beaune;2025;1;10;0.0;0;1.79;0.39;3.48;0.14;0.0;0.0;0.0;0.0;0.0;0.0;100.0;0.0;0.0;0.0;0.0;0.0;0.0;0.0;0;0;0;0;0;0;0;0;0;1;0;0
Bourgogne-Franche-Comté;Côte-d'Or;Beaune;2026;1;6;0.0;0;0.12;0.28;3.34;1.12;0.0;0.0;0.0;0.0;0.0;0.0;100.0;0.0;0.0;0.0;0.0;0.0;0.0;0.0;0;1;0;0;0;0;0;0;0;0;0;0
Bourgogne-Franche-Comté;Doubs;Besançon;2025;3;14;0.0;0;1.72;2.46;3.53;0.62;0.0;33.3;0.0;0.0;0.0;0.0;0.0;66.7;0.0;0.0;0.0;0.0;0.0;0.0;0;0;0;2;0;1;0;0;0;0;0;0
Bourgogne-Franche-Comté;Doubs;Montbéliard;2025;1;5;0.0;0;1.7;2.3;2.89;0.4;0.0;100.0;0.0;0.0;0.0;0.0;0.0;0.0;0.0;0.0;0.0;0.0;0.0;0.0;0;0;0;0;1;0;0;0;0;0;0;0
Bourgogne-Franche-Comté;Doubs;Pontarlier;2025;1;4;0.0;0;1.66;0.5;3.25;0.14;0.0;0.0;0.0;0.0;0.0;0.0;0.0;100.0;0.0;0.0;0.0;0.0;0.0;0.0;0;0;0;1;0;0;0;0;0;0;0;0
Bourgogne-Franche-Comté;Haute-Saône;Gray;2025;2;18;0.0;0;2.25;2.72;2.17;1.74;50.0;50.0;0.0;0.0;0.0;0.0;0.0;0.0;0.0;0.0;0.0;0.0;0.0;0.0;0;0;0;0;0;1;1;0;0;0;0;0
Bourgogne-Franche-Comté;Haute-Saône;Lure - Luxeuil - Héricourt;2025;2;22;0.0;0;0.64;2.83;2.56;1.56;0.0;0.0;50.0;50.0;0.0;0.0;0.0;0.0;0.0;0.0;0.0;0.0;0.0;0.0;0;0;0;0;0;0;2;0;0;0;0;0
Bourgogne-Franche-Comté;Haute-Saône;Vesoul;2025;3;27;0.0;0;2.43;3.28;2.42;0.75;0.0;33.3;0.0;66.7;0.0;0.0;0.0;0.0;0.0;0.0;0.0;0.0;0.0;0.0;0;0;0;0;0;1;1;0;0;0;0;1
Bourgogne-Franche-Comté;Jura;Dole;2025;3;25;0.0;0;3.32;3.21;3.09;0.14;33.3;0.0;0.0;0.0;0.0;0.0;0.0;66.7;0.0;0.0;0.0;0.0;0.0;0.0;1;0;0;0;0;0;2;0;0;0;0;0
Bourgogne-Franche-Comté;Jura;Lons-le-Saunier;2025;3;28;0.0;0;1.96;2.57;3.23;0.23;0.0;0.0;33.3;0.0;0.0;0.0;0.0;33.3;33.3;0.0;0.0;0.0;0.0;0.0;1;0;0;1;0;0;1;0;0;0;0;0
Bourgogne-Franche-Comté;Jura;Saint-Claude;2025;3;35;0.0;0;3.1;3.04;2.73;0.14;33.3;0.0;0.0;33.3;0.0;0.0;0.0;33.3;0.0;0.0;0.0;0.0;0.0;0.0;1;0;0;0;0;0;2;0;0;0;0;0
Bourgogne-Franche-Comté;Nièvre;Château-Chinon;2025;10;48;0.0;0;0.98;2.21;3.02;1.58;10.0;10.0;10.0;0.0;0.0;10.0;10.0;0.0;0.0;0.0;40.0;0.0;0.0;10.0;1;0;5;2;0;0;0;0;0;1;1;0
Bourgogne-Franche-Comté;Nièvre;Château-Chinon;2026;7;51;0.0;0;2.21;1.38;3.05;0.56;0.0;0.0;14.3;0.0;0.0;0.0;42.9;0.0;0.0;0.0;28.6;0.0;0.0;14.3;1;1;2;0;2;1;0;0;0;0;0;0
Bourgogne-Franche-Comté;Nièvre;Clamecy;2025;9;55;0.0;0;1.71;2.23;3.65;1.57;0.0;0.0;0.0;0.0;11.1;0.0;22.2;0.0;11.1;0.0;33.3;0.0;0.0;22.2;0;0;7;2;0;0;0;0;0;0;0;0
Bourgogne-Franche-Comté;Nièvre;Clamecy;2026;7;33;6.0;1;1.47;2.26;3.29;0.2;0.0;0.0;0.0;0.0;0.0;14.3;14.3;0.0;0.0;14.3;42.9;0.0;0.0;14.3;1;1;5;0;0;0;0;0;0;0;0;0
Bourgogne-Franche-Comté;Nièvre;Cosne-Cours-sur-Loire;2025;4;18;2.0;1;0.7;1.34;3.55;1.58;0.0;0.0;0.0;0.0;0.0;0.0;25.0;0.0;0.0;0.0;50.0;0.0;0.0;25.0;0;0;0;3;0;0;0;0;1;0;0;0
Bourgogne-Franche-Comté;Nièvre;Cosne-Cours-sur-Loire;2026;5;21;0.0;0;1.23;2.37;3.01;0.28;0.0;40.0;0.0;0.0;0.0;0.0;20.0;0.0;0.0;20.0;20.0;0.0;0.0;0.0;3;0;2;0;0;0;0;0;0;0;0;0
Bourgogne-Franche-Comté;Nièvre;Nevers;2025;7;28;1.0;1;0.49;0.71;3.32;1.49;0.0;14.3;0.0;0.0;14.3;0.0;14.3;0.0;0.0;0.0;42.9;0.0;0.0;14.3;0;0;0;3;2;0;0;0;0;0;2;0
Bourgogne-Franche-Comté;Nièvre;Nevers;2026;6;56;3.0;2;2.06;1.77;2.76;0.87;0.0;16.7;0.0;50.0;0.0;0.0;16.7;0.0;0.0;0.0;16.7;0.0;0.0;0.0;2;2;0;1;1;0;0;0;0;0;0;0
Bourgogne-Franche-Comté;Saône-et-Loire;Autun;2025;1;9;0.0;0;1.89;2.15;2.3;0.14;0.0;100.0;0.0;0.0;0.0;0.0;0.0;0.0;0.0;0.0;0.0;0.0;0.0;0.0;0;0;0;0;0;1;0;0;0;0;0;0
Bourgogne-Franche-Comté;Saône-et-Loire;Autun;2026;2;15;0.0;0;1.98;1.87;3.3;0.5;0.0;0.0;0.0;0.0;0.0;0.0;50.0;0.0;50.0;0.0;0.0;0.0;0.0;0.0;0;2;0;0;0;0;0;0;0;0;0;0
Bourgogne-Franche-Comté;Saône-et-Loire;Chalon-sur-Saône;2025;2;7;0.0;0;3.16;3.29;3.34;0.18;0.0;0.0;0.0;50.0;0.0;0.0;0.0;0.0;0.0;0.0;50.0;0.0;0.0;0.0;0;0;0;0;0;0;2;0;0;0;0;0
Bourgogne-Franche-Comté;Saône-et-Loire;Chalon-sur-Saône;2026;1;1;0.0;0;0.24;0.32;2.55;1.64;100.0;0.0;0.0;0.0;0.0;0.0;0.0;0.0;0.0;0.0;0.0;0.0;0.0;0.0;1;0;0;0;0;0;0;0;0;0;0;0
Bourgogne-Franche-Comté;Saône-et-Loire;Charolles;2025;4;21;0.0;0;0.46;0.7;2.32;1.19;25.0;0.0;0.0;0.0;25.0;0.0;25.0;0.0;0.0;0.0;25.0;0.0;0.0;0.0;0;0;0;0;0;2;2;0;0;0;0;0
Bourgogne-Franche-Comté;Saône-et-Loire;Charolles;2026;4;19;0.0;0;1.76;0.47;2.4;0.58;25.0;0.0;0.0;0.0;25.0;0.0;25.0;0.0;0.0;0.0;25.0;0.0;0.0;0.0;4;0;0;0;0;0;0;0;0;0;0;0
Bourgogne-Franche-Comté;Saône-et-Loire;Louhans;2025;2;17;0.0;0;1.37;2.31;3.84;0.71;0.0;0.0;0.0;0.0;0.0;0.0;0.0;0.0;0.0;0.0;0.0;0.0;50.0;50.0;0;0;0;1;0;0;0;0;0;0;0;1
Bourgogne-Franche-Comté;Saône-et-Loire;Louhans;2026;1;4;0.0;0;1.53;3.57;2.15;1.05;0.0;100.0;0.0;0.0;0.0;0.0;0.0;0.0;0.0;0.0;0.0;0.0;0.0;0.0;1;0;0;0;0;0;0;0;0;0;0;0
Bourgogne-Franche-Comté;Saône-et-Loire;Mâcon;2025;2;9;0.0;0;0.84;2.74;3.44;0.84;0.0;0.0;0.0;0.0;0.0;0.0;0.0;0.0;50.0;0.0;50.0;0.0;0.0;0.0;0;0;0;0;0;0;0;0;2;0;0;0
Bourgogne-Franche-Comté;Yonne;Auxerre;2024;2;17;0.0;0;3.45;2.62;3.5;0.4;0.0;0.0;0.0;0.0;50.0;0.0;0.0;50.0;0.0;0.0;0.0;0.0;0.0;0.0;0;0;0;0;0;0;0;0;0;2;0;0
Bourgogne-Franche-Comté;Yonne;Avallon;2025;8;53;0.0;0;1.78;1.92;3.08;0.55;12.5;0.0;12.5;0.0;12.5;0.0;25.0;25.0;12.5;0.0;0.0;0.0;0.0;0.0;0;0;0;3;0;5;0;0;0;0;0;0
Bourgogne-Franche-Comté;Yonne;Sens;2024;1;14;0.0;0;3.48;3.6;3.25;0.14;0.0;0.0;0.0;0.0;0.0;0.0;0.0;100.0;0.0;0.0;0.0;0.0;0.0;0.0;0;0;0;0;0;0;0;0;0;0;1;0
Bourgogne-Franche-Comté;Yonne;Sens;2025;1;7;0.0;0;0.43;2.28;2.8;1.63;0.0;100.0;0.0;0.0;0.0;0.0;0.0;0.0;0.0;0.0;0.0;0.0;0.0;0.0;0;0;0;0;0;0;1;0;0;0;0;0
Bretagne;Côtes-d'Armor;Dinan;2025;2;22;0.0;0;2.59;2.72;3.1;1.48;0.0;50.0;0.0;50.0;0.0;0.0;0.0;0.0;0.0;0.0;0.0;0.0;0.0;0.0;0;0;0;0;0;0;0;0;1;0;1;0
Bretagne;Côtes-d'Armor;Dinan;2026;1;9;2.0;1;2.61;2.79;2.57;1.87;0.0;0.0;0.0;100.0;0.0;0.0;0.0;0.0;0.0;0.0;0.0;0.0;0.0;0.0;0;0;1;0;0;0;0;0;0;0;0;0
Bretagne;Côtes-d'Armor;Saint-Brieuc;2025;1;5;0.0;0;2.27;2.38;3.28;0.14;100.0;0.0;0.0;0.0;0.0;0.0;0.0;0.0;0.0;0.0;0.0;0.0;0.0;0.0;0;0;0;0;0;0;0;1;0;0;0;0
Bretagne;Côtes-d'Armor;Saint-Brieuc;2026;5;41;3.0;1;3.44;3.08;2.51;1.04;0.0;0.0;0.0;80.0;0.0;0.0;0.0;0.0;20.0;0.0;0.0;0.0;0.0;0.0;2;1;0;0;1;1;0;0;0;0;0;0
Bretagne;Côtes-d'Armor;Trégor Goëlo - Guingamp;2025;4;35;0.0;0;2.54;1.99;3.33;1.04;25.0;0.0;0.0;0.0;0.0;0.0;50.0;0.0;25.0;0.0;0.0;0.0;0.0;0.0;0;0;0;0;0;2;1;0;0;1;0;0
Bretagne;Finistère;Brest;2025;8;69;0.0;0;3.21;2.27;3.27;0.14;25.0;0.0;0.0;12.5;0.0;0.0;12.5;25.0;25.0;0.0;0.0;0.0;0.0;0.0;0;0;0;0;0;0;4;0;1;2;0;1
Bretagne;Finistère;Cornouaille;2025;4;44;0.0;0;2.52;2.03;2.97;0.25;25.0;0.0;25.0;50.0;0.0;0.0;0.0;0.0;0.0;0.0;0.0;0.0;0.0;0.0;0;0;0;0;0;0;0;0;0;0;0;4
Bretagne;Finistère;Cornouaille;2026;2;15;0.0;0;2.58;3.15;3.22;0.14;0.0;0.0;50.0;0.0;0.0;0.0;0.0;0.0;0.0;50.0;0.0;0.0;0.0;0.0;2;0;0;0;0;0;0;0;0;0;0;0
Bretagne;Finistère;Morlaix;2025;4;35;0.0;0;2.66;2.33;2.82;0.42;0.0;0.0;50.0;0.0;0.0;0.0;0.0;0.0;25.0;0.0;25.0;0.0;0.0;0.0;0;0;0;0;0;0;0;0;0;0;2;2
Bretagne;Ille-et-Vilaine;Redon;2025;3;24;0.0;0;1.44;2.66;3.37;1.44;0.0;0.0;66.7;33.3;0.0;0.0;0.0;0.0;0.0;0.0;0.0;0.0;0.0;0.0;0;0;0;0;1;2;0;0;0;0;0;0
Bretagne;Ille-et-Vilaine;Redon;2026;3;23;0.0;0;1.39;2.66;3.37;0.14;0.0;0.0;66.7;33.3;0.0;0.0;0.0;0.0;0.0;0.0;0.0;0.0;0.0;0.0;3;0;0;0;0;0;0;0;0;0;0;0
Bretagne;Ille-et-Vilaine;Rennes;2025;4;27;0.0;0;1.03;2.6;3.24;1.19;0.0;0.0;25.0;25.0;0.0;0.0;0.0;25.0;0.0;0.0;25.0;0.0;0.0;0.0;0;0;0;0;0;0;3;1;0;0;0;0
Bretagne;Ille-et-Vilaine;Saint-Malo;2025;1;2;0.0;0;3.64;3.38;2.82;1.63;0.0;0.0;0.0;0.0;0.0;0.0;0.0;0.0;0.0;0.0;100.0;0.0;0.0;0.0;0;0;0;0;0;0;1;0;0;0;0;0
Bretagne;Ille-et-Vilaine;Saint-Malo;2026;3;22;0.0;0;3.55;2.01;2.26;0.59;0.0;33.3;0.0;33.3;0.0;0.0;33.3;0.0;0.0;0.0;0.0;0.0;0.0;0.0;0;0;0;0;0;3;0;0;0;0;0;0
Bretagne;Ille-et-Vilaine;Vitré - Fougères;2025;1;13;0.0;0;0.19;1.76;3.74;1.96;0.0;0.0;0.0;0.0;0.0;100.0;0.0;0.0;0.0;0.0;0.0;0.0;0.0;0.0;0;0;0;0;0;1;0;0;0;0;0;0
Bretagne;Morbihan;Auray - Vannes;2025;9;71;0.0;0;1.87;1.78;2.87;0.81;22.2;22.2;0.0;0.0;33.3;0.0;0.0;0.0;11.1;0.0;11.1;0.0;0.0;0.0;0;0;0;0;0;0;0;0;0;9;0;0
Bretagne;Morbihan;Centre Bretagne;2025;3;26;0.0;0;2.02;2.61;3.32;1.33;0.0;33.3;0.0;0.0;0.0;0.0;0.0;0.0;0.0;0.0;0.0;0.0;33.3;33.3;0;0;0;0;0;3;0;0;0;0;0;0
Bretagne;Morbihan;Centre Bretagne;2026;4;30;1.0;1;3.14;2.94;2.65;0.14;25.0;0.0;0.0;50.0;0.0;0.0;0.0;0.0;0.0;0.0;0.0;0.0;0.0;25.0;0;0;4;0;0;0;0;0;0;0;0;0
Bretagne;Morbihan;Lorient;2026;2;7;2.0;2;1.86;2.98;3.66;0.14;0.0;0.0;0.0;0.0;0.0;0.0;0.0;0.0;0.0;0.0;100.0;0.0;0.0;0.0;0;0;0;0;2;0;0;0;0;0;0;0
Centre-Val de Loire;Cher;Bourges;2025;3;14;0.0;0;1.39;2.68;2.82;0.14;0.0;33.3;0.0;0.0;33.3;0.0;0.0;33.3;0.0;0.0;0.0;0.0;0.0;0.0;0;0;0;0;0;0;1;0;0;1;0;1
Centre-Val de Loire;Cher;Bourges;2026;1;7;0.0;0;3.36;2.45;2.88;0.14;0.0;0.0;0.0;100.0;0.0;0.0;0.0;0.0;0.0;0.0;0.0;0.0;0.0;0.0;0;0;0;0;0;1;0;0;0;0;0;0
Centre-Val de Loire;Cher;Saint-Amand-Montrond;2026;2;22;0.0;0;1.74;3.04;3.04;0.14;0.0;0.0;50.0;0.0;0.0;0.0;0.0;0.0;50.0;0.0;0.0;0.0;0.0;0.0;0;0;1;0;1;0;0;0;0;0;0;0
Centre-Val de Loire;Cher;Vierzon;2025;1;5;0.0;0;1.37;1.72;2.54;0.14;0.0;0.0;0.0;0.0;100.0;0.0;0.0;0.0;0.0;0.0;0.0;0.0;0.0;0.0;0;0;0;0;0;1;0;0;0;0;0;0
Centre-Val de Loire;Cher;Vierzon;2026;1;10;4.0;1;0.32;0.55;3.92;0.74;0.0;0.0;0.0;0.0;0.0;0.0;100.0;0.0;0.0;0.0;0.0;0.0;0.0;0.0;0;0;0;1;0;0;0;0;0;0;0;0
Centre-Val de Loire;Eure-et-Loir;Beauce dunoise;2025;1;7;0.0;0;0.14;3.55;3.71;1.78;0.0;0.0;0.0;0.0;0.0;0.0;0.0;0.0;0.0;0.0;0.0;0.0;0.0;100.0;0;0;0;0;0;0;0;0;0;0;0;1
Centre-Val de Loire;Eure-et-Loir;Beauce dunoise;2026;3;21;2.0;2;1.86;3.83;3.42;0.34;0.0;0.0;0.0;66.7;0.0;0.0;0.0;0.0;0.0;0.0;33.3;0.0;0.0;0.0;0;1;0;0;1;1;0;0;0;0;0;0
Centre-Val de Loire;Eure-et-Loir;Chartrain;2025;5;49;0.0;0;1.59;1.39;2.92;0.36;0.0;0.0;20.0;0.0;0.0;60.0;20.0;0.0;0.0;0.0;0.0;0.0;0.0;0.0;0;0;0;0;0;0;0;0;0;2;0;3
Centre-Val de Loire;Eure-et-Loir;Chartrain;2026;2;24;2.0;1;0.44;1.62;3.24;0.14;0.0;0.0;0.0;0.0;0.0;50.0;0.0;0.0;50.0;0.0;0.0;0.0;0.0;0.0;1;0;0;0;1;0;0;0;0;0;0;0
Centre-Val de Loire;Eure-et-Loir;Dreux et des Portes Euréliennes d'Île-de-France;2026;5;45;0.0;0;0.71;1.77;2.76;0.14;0.0;0.0;60.0;0.0;0.0;20.0;0.0;0.0;0.0;0.0;0.0;0.0;0.0;20.0;3;2;0;0;0;0;0;0;0;0;0;0
Centre-Val de Loire;Eure-et-Loir;Perche - Nogent;2025;3;25;0.0;0;0.76;2.25;3.35;0.97;33.3;0.0;0.0;33.3;0.0;0.0;0.0;0.0;0.0;0.0;0.0;0.0;0.0;33.3;0;0;0;0;0;0;2;0;0;0;1;0
Centre-Val de Loire;Eure-et-Loir;Perche - Nogent;2026;2;20;0.0;0;2.74;3.37;3.35;0.66;0.0;0.0;0.0;100.0;0.0;0.0;0.0;0.0;0.0;0.0;0.0;0.0;0.0;0.0;0;2;0;0;0;0;0;0;0;0;0;0
Centre-Val de Loire;Indre;Châteauroux;2026;2;15;0.0;0;1.85;0.78;3.28;0.93;0.0;0.0;0.0;0.0;50.0;50.0;0.0;0.0;0.0;0.0;0.0;0.0;0.0;0.0;0;0;2;0;0;0;0;0;0;0;0;0
Centre-Val de Loire;Indre;Issoudun;2026;2;7;0.0;0;3.02;0.24;1.77;0.52;0.0;50.0;50.0;0.0;0.0;0.0;0.0;0.0;0.0;0.0;0.0;0.0;0.0;0.0;0;0;2;0;0;0;0;0;0;0;0;0
Centre-Val de Loire;Indre;La Châtre;2025;1;3;0.0;0;3.59;0.5;3.59;1.87;0.0;0.0;0.0;0.0;0.0;0.0;100.0;0.0;0.0;0.0;0.0;0.0;0.0;0.0;0;0;0;0;0;0;0;0;0;1;0;0
Centre-Val de Loire;Indre;Le Blanc;2025;1;5;0.0;0;0.84;0.36;2.93;0.14;0.0;0.0;0.0;0.0;0.0;0.0;100.0;0.0;0.0;0.0;0.0;0.0;0.0;0.0;0;0;0;0;0;0;0;0;0;0;1;0
Centre-Val de Loire;Indre-et-Loire;Amboise;2026;3;13;0.0;0;1.49;2.02;2.49;0.14;0.0;0.0;33.3;0.0;0.0;33.3;0.0;0.0;0.0;0.0;33.3;0.0;0.0;0.0;0;0;0;0;0;3;0;0;0;0;0;0
Centre-Val de Loire;Indre-et-Loire;Chinon;2026;4;34;0.0;0;1.8;2.37;3.03;0.25;0.0;25.0;25.0;0.0;25.0;0.0;0.0;0.0;0.0;0.0;0.0;0.0;0.0;25.0;0;0;0;1;0;3;0;0;0;0;0;0
Centre-Val de Loire;Indre-et-Loire;Loches;2026;4;22;0.0;0;0.32;1.17;2.86;0.14;25.0;0.0;0.0;0.0;0.0;0.0;50.0;0.0;0.0;0.0;25.0;0.0;0.0;0.0;0;0;0;1;0;3;0;0;0;0;0;0
Centre-Val de Loire;Indre-et-Loire;Tours;2026;2;23;0.0;0;0.79;2.9;3.38;0.14;0.0;0.0;50.0;0.0;0.0;50.0;0.0;0.0;0.0;0.0;0.0;0.0;0.0;0.0;0;0;0;1;0;1;0;0;0;0;0;0
Centre-Val de Loire;Loir-et-Cher;Blois ;2025;1;4;0.0;0;1.36;0.3;3.7;1.69;0.0;0.0;0.0;0.0;0.0;0.0;100.0;0.0;0.0;0.0;0.0;0.0;0.0;0.0;0;0;0;0;0;1;0;0;0;0;0;0
Centre-Val de Loire;Loir-et-Cher;Blois ;2026;8;81;20.0;6;1.04;2.52;2.67;0.67;50.0;0.0;0.0;0.0;0.0;0.0;25.0;0.0;12.5;0.0;0.0;0.0;0.0;12.5;0;0;1;7;0;0;0;0;0;0;0;0
Centre-Val de Loire;Loir-et-Cher;Romorantin-Lanthenay;2026;3;36;6.0;3;1.05;2.75;3.33;1.56;0.0;33.3;0.0;33.3;0.0;0.0;33.3;0.0;0.0;0.0;0.0;0.0;0.0;0.0;0;0;0;2;1;0;0;0;0;0;0;0
Centre-Val de Loire;Loir-et-Cher;Vendôme;2026;3;36;9.0;2;1.88;3.3;3.22;0.48;0.0;0.0;33.3;0.0;0.0;0.0;0.0;0.0;0.0;66.7;0.0;0.0;0.0;0.0;0;0;2;1;0;0;0;0;0;0;0;0
Centre-Val de Loire;Loiret;Gien;2025;1;12;2.0;1;2.28;2.54;3.28;1.38;0.0;0.0;0.0;100.0;0.0;0.0;0.0;0.0;0.0;0.0;0.0;0.0;0.0;0.0;0;0;0;0;0;1;0;0;0;0;0;0
Centre-Val de Loire;Loiret;Gien;2026;1;11;0.0;0;2.71;2.78;2.83;0.14;0.0;0.0;0.0;100.0;0.0;0.0;0.0;0.0;0.0;0.0;0.0;0.0;0.0;0.0;0;0;0;0;0;1;0;0;0;0;0;0
Centre-Val de Loire;Loiret;Montargis;2025;2;16;0.0;0;2.41;1.3;2.96;0.88;0.0;0.0;50.0;0.0;50.0;0.0;0.0;0.0;0.0;0.0;0.0;0.0;0.0;0.0;0;0;0;0;0;2;0;0;0;0;0;0
Centre-Val de Loire;Loiret;Orléans;2025;3;30;3.0;1;2.32;2.02;3.21;1.15;0.0;0.0;33.3;0.0;33.3;0.0;0.0;0.0;0.0;0.0;0.0;0.0;0.0;33.3;0;0;0;0;0;3;0;0;0;0;0;0
Centre-Val de Loire;Loiret;Pithiviers;2024;1;8;0.0;0;1.84;3.59;2.02;0.14;0.0;0.0;100.0;0.0;0.0;0.0;0.0;0.0;0.0;0.0;0.0;0.0;0.0;0.0;0;0;0;0;0;0;0;0;0;0;1;0
Centre-Val de Loire;Loiret;Pithiviers;2025;2;21;0.0;0;1.28;2.04;2.12;0.14;0.0;0.0;100.0;0.0;0.0;0.0;0.0;0.0;0.0;0.0;0.0;0.0;0.0;0.0;0;0;0;0;0;2;0;0;0;0;0;0
Grand Est;Ardennes;Charleville-Mézières;2026;2;6;0.0;0;1.62;0.54;2.7;0.8;50.0;0.0;0.0;0.0;50.0;0.0;0.0;0.0;0.0;0.0;0.0;0.0;0.0;0.0;0;2;0;0;0;0;0;0;0;0;0;0
Grand Est;Ardennes;Rethel;2025;2;13;0.0;0;1.38;1.58;2.89;0.76;50.0;0.0;0.0;0.0;0.0;50.0;0.0;0.0;0.0;0.0;0.0;0.0;0.0;0.0;0;0;0;0;0;0;0;0;1;1;0;0
Grand Est;Ardennes;Rethel;2026;1;5;0.0;0;1.58;0.45;3.86;1.65;0.0;0.0;0.0;0.0;0.0;0.0;100.0;0.0;0.0;0.0;0.0;0.0;0.0;0.0;1;0;0;0;0;0;0;0;0;0;0;0
Grand Est;Ardennes;Revin;2026;2;3;0.0;0;1.8;3.33;3.18;1.05;0.0;0.0;0.0;0.0;0.0;0.0;0.0;0.0;0.0;0.0;100.0;0.0;0.0;0.0;2;0;0;0;0;0;0;0;0;0;0;0
Grand Est;Ardennes;Sedan;2026;1;10;9.0;1;3.64;2.8;2.43;0.14;100.0;0.0;0.0;0.0;0.0;0.0;0.0;0.0;0.0;0.0;0.0;0.0;0.0;0.0;0;0;1;0;0;0;0;0;0;0;0;0
Grand Est;Aube;Bar-sur-Aube;2025;1;10;0.0;0;0.93;2.67;3.04;0.4;0.0;100.0;0.0;0.0;0.0;0.0;0.0;0.0;0.0;0.0;0.0;0.0;0.0;0.0;0;0;0;1;0;0;0;0;0;0;0;0
Grand Est;Aube;Bar-sur-Aube;2026;1;1;8.0;1;2.94;2.02;2.12;1.63;0.0;100.0;0.0;0.0;0.0;0.0;0.0;0.0;0.0;0.0;0.0;0.0;0.0;0.0;0;0;0;0;1;0;0;0;0;0;0;0
Grand Est;Aube;Nogent-sur-Seine;2025;2;10;0.0;0;2.18;1.64;2.5;0.4;0.0;0.0;0.0;0.0;0.0;0.0;50.0;0.0;0.0;0.0;50.0;0.0;0.0;0.0;0;0;0;2;0;0;0;0;0;0;0;0
Grand Est;Aube;Nogent-sur-Seine;2026;3;6;1.0;1;0.68;0.99;1.78;0.39;33.3;66.7;0.0;0.0;0.0;0.0;0.0;0.0;0.0;0.0;0.0;0.0;0.0;0.0;0;0;0;0;3;0;0;0;0;0;0;0
Grand Est;Aube;Troyes;2025;2;8;0.0;0;1.88;1.34;2.38;0.73;50.0;0.0;0.0;0.0;0.0;0.0;0.0;0.0;0.0;0.0;50.0;0.0;0.0;0.0;0;0;0;1;0;0;0;1;0;0;0;0
Grand Est;Aube;Troyes;2026;3;11;0.0;0;0.8;0.74;2.21;0.14;33.3;33.3;0.0;0.0;0.0;0.0;33.3;0.0;0.0;0.0;0.0;0.0;0.0;0.0;1;0;0;1;0;1;0;0;0;0;0;0
Grand Est;Bas-Rhin;Haguenau - Wissembourg;2025;3;18;3.0;1;2.38;1.28;1.45;0.63;66.7;33.3;0.0;0.0;0.0;0.0;0.0;0.0;0.0;0.0;0.0;0.0;0.0;0.0;0;0;0;0;0;3;0;0;0;0;0;0
Grand Est;Bas-Rhin;Haguenau - Wissembourg;2026;1;1;1.0;1;3.46;3.95;3.88;1.69;0.0;0.0;0.0;0.0;0.0;0.0;0.0;0.0;0.0;0.0;100.0;0.0;0.0;0.0;0;0;0;0;1;0;0;0;0;0;0;0
Grand Est;Bas-Rhin;Molsheim;2026;3;10;0.0;0;1.42;1.04;2.33;0.14;33.3;0.0;0.0;0.0;33.3;0.0;33.3;0.0;0.0;0.0;0.0;0.0;0.0;0.0;0;3;0;0;0;0;0;0;0;0;0;0
Grand Est;Bas-Rhin;Saverne;2025;3;15;0.0;0;0.36;0.49;1.64;0.14;100.0;0.0;0.0;0.0;0.0;0.0;0.0;0.0;0.0;0.0;0.0;0.0;0.0;0.0;0;0;0;0;0;3;0;0;0;0;0;0
Grand Est;Bas-Rhin;Strasbourg;2025;3;32;0.0;0;3.17;0.54;3.59;0.64;0.0;0.0;0.0;0.0;66.7;33.3;0.0;0.0;0.0;0.0;0.0;0.0;0.0;0.0;0;0;0;0;0;3;0;0;0;0;0;0
Grand Est;Bas-Rhin;Strasbourg;2026;1;4;0.0;0;1.21;0.28;3.15;0.14;0.0;0.0;0.0;0.0;0.0;0.0;100.0;0.0;0.0;0.0;0.0;0.0;0.0;0.0;0;0;0;0;1;0;0;0;0;0;0;0
Grand Est;Bas-Rhin;Sélestat - Erstein;2025;3;16;0.0;0;0.73;1.72;2.55;0.23;0.0;0.0;0.0;0.0;66.7;33.3;0.0;0.0;0.0;0.0;0.0;0.0;0.0;0.0;0;0;0;0;0;3;0;0;0;0;0;0
Grand Est;Haut-Rhin;Altkirch;2025;2;17;0.0;0;2.44;3.12;3.61;0.14;0.0;0.0;0.0;0.0;0.0;0.0;0.0;50.0;50.0;0.0;0.0;0.0;0.0;0.0;0;0;0;1;0;1;0;0;0;0;0;0
Grand Est;Haut-Rhin;Altkirch;2026;1;6;0.0;0;0.87;2.07;2.76;1.62;0.0;0.0;0.0;0.0;0.0;100.0;0.0;0.0;0.0;0.0;0.0;0.0;0.0;0.0;1;0;0;0;0;0;0;0;0;0;0;0
Grand Est;Haut-Rhin;Colmar;2025;6;47;4.0;1;2.04;2.55;3.24;1.06;16.7;0.0;0.0;0.0;0.0;0.0;16.7;33.3;16.7;0.0;16.7;0.0;0.0;0.0;0;0;1;3;1;1;0;0;0;0;0;0
Grand Est;Haut-Rhin;Mulhouse;2025;4;35;0.0;0;2.33;3.26;3.46;0.26;0.0;0.0;0.0;50.0;0.0;0.0;0.0;0.0;50.0;0.0;0.0;0.0;0.0;0.0;0;0;0;0;0;2;0;2;0;0;0;0
Grand Est;Haut-Rhin;Saint-Louis;2025;1;9;0.0;0;2.69;2.69;2.91;0.4;0.0;100.0;0.0;0.0;0.0;0.0;0.0;0.0;0.0;0.0;0.0;0.0;0.0;0.0;0;0;0;0;1;0;0;0;0;0;0;0
Grand Est;Haut-Rhin;Thann - Guebwiller;2025;3;32;0.0;0;2.64;3.19;3.19;0.54;33.3;0.0;0.0;33.3;0.0;0.0;0.0;0.0;33.3;0.0;0.0;0.0;0.0;0.0;0;0;0;0;0;2;0;0;0;1;0;0
Grand Est;Haute-Marne;Chaumont;2025;5;36;0.0;0;2.32;3.38;2.83;0.14;60.0;0.0;0.0;40.0;0.0;0.0;0.0;0.0;0.0;0.0;0.0;0.0;0.0;0.0;0;0;0;0;0;0;0;0;0;1;0;4
Grand Est;Haute-Marne;Langres;2025;5;38;0.0;0;2.45;3.5;2.8;0.14;80.0;0.0;0.0;20.0;0.0;0.0;0.0;0.0;0.0;0.0;0.0;0.0;0.0;0.0;0;0;0;0;0;0;0;0;0;1;0;4
Grand Est;Haute-Marne;Saint-Dizier;2025;6;48;0.0;0;2.15;3.32;2.77;0.16;50.0;0.0;0.0;33.3;0.0;0.0;0.0;0.0;16.7;0.0;0.0;0.0;0.0;0.0;0;0;0;0;0;0;0;0;0;2;0;4
Grand Est;Marne;Châlons-en-Champagne;2025;3;32;0.0;0;1.78;3.17;2.86;0.31;0.0;0.0;0.0;0.0;0.0;0.0;0.0;100.0;0.0;0.0;0.0;0.0;0.0;0.0;0;0;0;0;0;3;0;0;0;0;0;0
Grand Est;Marne;Epernay;2025;3;26;0.0;0;1.77;1.64;2.94;0.14;0.0;0.0;0.0;0.0;33.3;0.0;0.0;66.7;0.0;0.0;0.0;0.0;0.0;0.0;0;0;0;3;0;0;0;0;0;0;0;0
Grand Est;Marne;Reims;2025;3;19;0.0;0;2.04;3.16;2.51;0.14;0.0;0.0;0.0;0.0;0.0;0.0;0.0;100.0;0.0;0.0;0.0;0.0;0.0;0.0;0;0;0;3;0;0;0;0;0;0;0;0
Grand Est;Marne;Sézanne;2025;2;14;0.0;0;2.04;3.66;3.42;0.29;0.0;50.0;0.0;0.0;0.0;0.0;0.0;0.0;0.0;50.0;0.0;0.0;0.0;0.0;0;0;0;2;0;0;0;0;0;0;0;0
Grand Est;Marne;Vitry-le-François;2025;3;24;0.0;0;2.62;3.56;3.13;0.48;0.0;0.0;0.0;33.3;0.0;0.0;0.0;0.0;66.7;0.0;0.0;0.0;0.0;0.0;0;3;0;0;0;0;0;0;0;0;0;0
Grand Est;Meurthe-et-Moselle;Briey - Longwy;2025;2;7;0.0;0;3.04;0.34;3.8;0.96;0.0;0.0;0.0;0.0;0.0;0.0;50.0;0.0;0.0;0.0;50.0;0.0;0.0;0.0;0;0;0;0;0;0;0;0;1;1;0;0
Grand Est;Meurthe-et-Moselle;Briey - Longwy;2026;1;7;0.0;0;1.09;0.11;3.74;0.14;0.0;0.0;0.0;0.0;0.0;100.0;0.0;0.0;0.0;0.0;0.0;0.0;0.0;0.0;0;0;0;1;0;0;0;0;0;0;0;0
Grand Est;Meurthe-et-Moselle;Lunéville;2025;2;12;0.0;0;2.78;2.17;2.67;0.86;50.0;0.0;0.0;0.0;0.0;0.0;0.0;0.0;0.0;0.0;0.0;0.0;0.0;50.0;0;0;0;0;0;0;0;0;1;1;0;0
Grand Est;Meurthe-et-Moselle;Nancy - Pont-à-Mousson;2025;4;9;0.0;0;1.84;2.4;3.54;0.25;0.0;0.0;0.0;0.0;0.0;0.0;0.0;0.0;25.0;0.0;75.0;0.0;0.0;0.0;0;0;0;0;0;0;0;0;2;2;0;0
Grand Est;Meurthe-et-Moselle;Nancy - Pont-à-Mousson;2026;1;14;3.0;1;2.71;3.26;3.71;1.75;100.0;0.0;0.0;0.0;0.0;0.0;0.0;0.0;0.0;0.0;0.0;0.0;0.0;0.0;0;0;0;1;0;0;0;0;0;0;0;0
Grand Est;Meuse;Nord Meuse;2025;5;40;0.0;0;3.0;2.89;2.55;0.41;0.0;20.0;20.0;20.0;0.0;0.0;0.0;0.0;0.0;0.0;40.0;0.0;0.0;0.0;0;0;0;0;0;0;1;0;1;2;0;1
Grand Est;Meuse;Sud Meuse;2025;2;8;0.0;0;0.88;1.16;2.86;0.4;0.0;0.0;0.0;0.0;0.0;50.0;0.0;0.0;0.0;0.0;50.0;0.0;0.0;0.0;0;0;0;0;0;0;2;0;0;0;0;0
Grand Est;Moselle;Forbach - Boulay - Moselle;2025;4;28;0.0;0;2.65;3.19;3.28;0.36;0.0;0.0;0.0;50.0;0.0;0.0;0.0;50.0;0.0;0.0;0.0;0.0;0.0;0.0;0;0;0;0;4;0;0;0;0;0;0;0
Grand Est;Moselle;Metz;2025;4;41;0.0;0;1.82;2.16;3.22;1.74;25.0;0.0;0.0;50.0;0.0;0.0;0.0;0.0;0.0;0.0;25.0;0.0;0.0;0.0;0;0;4;0;0;0;0;0;0;0;0;0
Grand Est;Moselle;Sarrebourg - Château - Salins;2025;3;19;0.0;0;1.9;1.83;2.82;0.14;0.0;33.3;0.0;0.0;0.0;33.3;0.0;33.3;0.0;0.0;0.0;0.0;0.0;0.0;0;0;0;0;0;0;1;1;1;0;0;0
Grand Est;Moselle;Sarreguemines;2025;5;44;5.0;1;2.93;2.59;3.13;0.61;0.0;0.0;40.0;40.0;0.0;0.0;0.0;20.0;0.0;0.0;0.0;0.0;0.0;0.0;0;0;0;0;3;1;1;0;0;0;0;0
Grand Est;Moselle;Thionville;2025;4;24;0.0;0;1.35;2.99;3.29;0.45;0.0;0.0;25.0;0.0;25.0;0.0;0.0;0.0;0.0;0.0;50.0;0.0;0.0;0.0;0;0;2;1;1;0;0;0;0;0;0;0
Grand Est;Vosges;Epinal;2025;1;8;0.0;0;0.45;1.39;3.41;1.63;0.0;0.0;0.0;0.0;0.0;100.0;0.0;0.0;0.0;0.0;0.0;0.0;0.0;0.0;0;0;0;0;0;0;1;0;0;0;0;0
Grand Est;Vosges;Neufchâteau;2025;3;20;0.0;0;1.23;2.34;2.85;0.14;0.0;66.7;33.3;0.0;0.0;0.0;0.0;0.0;0.0;0.0;0.0;0.0;0.0;0.0;0;0;0;3;0;0;0;0;0;0;0;0
Grand Est;Vosges;Remiremont;2025;4;17;0.0;0;1.94;2.07;2.11;0.79;75.0;25.0;0.0;0.0;0.0;0.0;0.0;0.0;0.0;0.0;0.0;0.0;0.0;0.0;0;0;0;4;0;0;0;0;0;0;0;0
Grand Est;Vosges;Saint-Dié des Vosges;2025;4;19;0.0;0;1.0;3.06;2.85;0.48;25.0;25.0;0.0;0.0;25.0;0.0;0.0;0.0;25.0;0.0;0.0;0.0;0.0;0.0;0;0;0;4;0;0;0;0;0;0;0;0
Hauts-de-France;Aisne;Château-Thierry;2025;2;21;0.0;0;2.17;3.47;2.08;1.54;0.0;0.0;0.0;100.0;0.0;0.0;0.0;0.0;0.0;0.0;0.0;0.0;0.0;0.0;0;0;0;0;2;0;0;0;0;0;0;0
Hauts-de-France;Aisne;Château-Thierry;2026;2;18;0.0;0;2.18;3.06;3.03;0.14;0.0;0.0;0.0;100.0;0.0;0.0;0.0;0.0;0.0;0.0;0.0;0.0;0.0;0.0;0;0;0;0;2;0;0;0;0;0;0;0
Hauts-de-France;Aisne;Laon;2025;3;20;0.0;0;2.36;2.79;2.6;0.93;33.3;0.0;0.0;33.3;0.0;0.0;0.0;0.0;0.0;0.0;33.3;0.0;0.0;0.0;0;0;0;0;3;0;0;0;0;0;0;0
Hauts-de-France;Aisne;Saint-Quentin;2025;4;39;0.0;0;1.42;2.0;3.4;0.59;0.0;0.0;0.0;0.0;50.0;0.0;0.0;25.0;25.0;0.0;0.0;0.0;0.0;0.0;0;0;0;2;0;1;1;0;0;0;0;0
Hauts-de-France;Aisne;Saint-Quentin;2026;3;38;0.0;0;3.43;3.07;3.31;0.14;0.0;0.0;0.0;66.7;0.0;0.0;0.0;0.0;0.0;0.0;0.0;0.0;0.0;33.3;0;0;0;0;3;0;0;0;0;0;0;0
Hauts-de-France;Aisne;Soissons;2025;13;83;0.0;0;2.02;2.42;2.57;1.29;23.1;23.1;15.4;0.0;0.0;7.7;0.0;0.0;0.0;0.0;23.1;0.0;0.0;7.7;0;0;0;3;1;0;9;0;0;0;0;0
Hauts-de-France;Aisne;Soissons;2026;5;33;0.0;0;2.94;2.23;2.71;0.41;0.0;0.0;0.0;40.0;20.0;0.0;0.0;0.0;0.0;0.0;40.0;0.0;0.0;0.0;0;0;1;0;4;0;0;0;0;0;0;0
Hauts-de-France;Aisne;Vervins;2025;3;40;0.0;0;2.05;3.35;2.97;1.16;0.0;0.0;0.0;100.0;0.0;0.0;0.0;0.0;0.0;0.0;0.0;0.0;0.0;0.0;0;0;0;3;0;0;0;0;0;0;0;0
Hauts-de-France;Nord;Cambrai;2025;8;86;0.0;0;1.82;2.88;3.3;0.3;12.5;0.0;25.0;25.0;12.5;0.0;0.0;12.5;0.0;12.5;0.0;0.0;0.0;0.0;0;0;0;0;0;2;3;0;0;0;3;0
Hauts-de-France;Nord;Douai;2025;3;28;0.0;0;2.2;2.54;3.33;0.61;0.0;0.0;0.0;33.3;0.0;0.0;33.3;33.3;0.0;0.0;0.0;0.0;0.0;0.0;1;0;0;1;1;0;0;0;0;0;0;0
Hauts-de-France;Nord;Dunkerque;2025;17;101;0.0;0;2.1;1.89;2.65;1.0;5.9;35.3;0.0;17.6;5.9;17.6;11.8;0.0;0.0;0.0;5.9;0.0;0.0;0.0;0;0;0;0;0;0;4;1;0;7;3;2
Hauts-de-France;Nord;Dunkerque;2026;4;17;9.0;2;2.61;1.62;3.43;0.14;0.0;0.0;0.0;0.0;0.0;50.0;25.0;0.0;0.0;0.0;25.0;0.0;0.0;0.0;0;0;1;1;0;0;2;0;0;0;0;0
Hauts-de-France;Nord;Lille Metropole;2025;12;75;0.0;0;2.3;2.39;3.43;0.28;8.3;0.0;8.3;8.3;8.3;0.0;8.3;33.3;8.3;8.3;0.0;0.0;0.0;8.3;0;0;0;0;0;5;1;1;0;1;0;4
Hauts-de-France;Nord;Lille Metropole;2026;13;65;24.0;5;1.85;2.77;3.29;0.7;15.4;0.0;23.1;7.7;0.0;7.7;0.0;0.0;7.7;0.0;23.1;0.0;0.0;15.4;1;1;2;1;2;5;1;0;0;0;0;0
Hauts-de-France;Nord;Sambre - Avesnois;2025;12;93;0.0;0;1.79;1.81;3.15;0.5;0.0;0.0;8.3;8.3;0.0;25.0;8.3;33.3;8.3;0.0;8.3;0.0;0.0;0.0;0;0;0;0;5;3;0;1;3;0;0;0
Hauts-de-France;Nord;Sambre - Avesnois;2026;12;73;13.0;2;1.06;2.12;3.1;0.22;16.7;0.0;8.3;0.0;16.7;16.7;0.0;0.0;8.3;0.0;33.3;0.0;0.0;0.0;1;1;5;0;0;5;0;0;0;0;0;0
Hauts-de-France;Nord;Valenciennes;2025;13;115;0.0;0;2.71;1.87;3.08;0.39;7.7;15.4;0.0;15.4;15.4;7.7;7.7;7.7;0.0;7.7;7.7;7.7;0.0;0.0;0;0;0;2;3;1;3;1;1;2;0;0
Hauts-de-France;Nord;Valenciennes;2026;1;6;1.0;1;1.28;1.36;2.29;1.84;0.0;100.0;0.0;0.0;0.0;0.0;0.0;0.0;0.0;0.0;0.0;0.0;0.0;0.0;0;0;0;0;1;0;0;0;0;0;0;0
Hauts-de-France;Oise;Beauvais;2025;3;27;0.0;0;2.56;2.62;3.2;0.77;0.0;33.3;0.0;33.3;0.0;0.0;0.0;0.0;33.3;0.0;0.0;0.0;0.0;0.0;0;3;0;0;0;0;0;0;0;0;0;0
Hauts-de-France;Oise;Clermont;2025;3;26;2.0;1;3.06;3.37;3.03;0.75;33.3;0.0;0.0;33.3;0.0;0.0;0.0;0.0;0.0;0.0;33.3;0.0;0.0;0.0;0;0;2;0;0;0;0;0;0;0;1;0
Hauts-de-France;Oise;Clermont;2026;1;12;0.0;0;3.87;0.74;2.61;0.14;0.0;0.0;0.0;0.0;0.0;100.0;0.0;0.0;0.0;0.0;0.0;0.0;0.0;0.0;0;0;0;0;0;1;0;0;0;0;0;0
Hauts-de-France;Oise;Compiegne;2025;2;24;0.0;0;2.48;1.78;3.22;0.14;0.0;0.0;0.0;0.0;0.0;0.0;0.0;100.0;0.0;0.0;0.0;0.0;0.0;0.0;0;1;0;1;0;0;0;0;0;0;0;0
Hauts-de-France;Oise;Senlis;2025;8;79;8.0;1;1.78;2.9;2.88;0.25;0.0;0.0;12.5;25.0;0.0;0.0;0.0;37.5;12.5;0.0;0.0;0.0;0.0;12.5;0;0;1;1;0;0;2;3;1;0;0;0
Hauts-de-France;Pas-de-Calais;Arras;2025;3;44;0.0;0;2.81;2.39;3.5;1.29;33.3;0.0;0.0;33.3;0.0;0.0;0.0;33.3;0.0;0.0;0.0;0.0;0.0;0.0;0;0;0;0;2;1;0;0;0;0;0;0
Hauts-de-France;Pas-de-Calais;Boulogne;2025;9;84;0.0;0;1.58;1.49;3.61;0.7;0.0;0.0;0.0;0.0;0.0;11.1;33.3;33.3;0.0;11.1;11.1;0.0;0.0;0.0;0;0;0;2;3;3;1;0;0;0;0;0
Hauts-de-France;Pas-de-Calais;Boulogne;2026;1;14;0.0;0;1.32;3.35;3.27;0.22;0.0;0.0;0.0;0.0;0.0;0.0;0.0;0.0;100.0;0.0;0.0;0.0;0.0;0.0;1;0;0;0;0;0;0;0;0;0;0;0
Hauts-de-France;Pas-de-Calais;Béthune;2024;2;21;0.0;0;1.98;3.12;3.44;0.14;0.0;0.0;0.0;0.0;0.0;0.0;0.0;100.0;0.0;0.0;0.0;0.0;0.0;0.0;0;0;0;0;0;0;0;0;0;0;0;2
Hauts-de-France;Pas-de-Calais;Calais;2025;3;32;0.0;0;2.06;3.37;3.12;0.14;0.0;0.0;33.3;0.0;0.0;0.0;0.0;66.7;0.0;0.0;0.0;0.0;0.0;0.0;0;0;0;3;0;0;0;0;0;0;0;0
Hauts-de-France;Pas-de-Calais;Lens;2025;2;27;0.0;0;3.57;3.5;3.14;0.14;0.0;0.0;0.0;0.0;0.0;0.0;0.0;0.0;0.0;0.0;0.0;0.0;0.0;100.0;0;0;0;0;0;2;0;0;0;0;0;0
Hauts-de-France;Pas-de-Calais;Lens;2026;2;24;0.0;0;2.62;2.66;2.37;0.14;0.0;0.0;50.0;50.0;0.0;0.0;0.0;0.0;0.0;0.0;0.0;0.0;0.0;0.0;0;0;0;0;0;2;0;0;0;0;0;0
Hauts-de-France;Pas-de-Calais;Montreuil;2025;3;30;0.0;0;1.69;3.6;3.66;1.06;33.3;0.0;0.0;33.3;0.0;0.0;33.3;0.0;0.0;0.0;0.0;0.0;0.0;0.0;0;2;1;0;0;0;0;0;0;0;0;0
Hauts-de-France;Pas-de-Calais;Saint-Omer;2025;4;46;0.0;0;0.9;3.46;3.17;0.14;0.0;0.0;0.0;0.0;0.0;0.0;0.0;100.0;0.0;0.0;0.0;0.0;0.0;0.0;0;0;0;4;0;0;0;0;0;0;0;0
Hauts-de-France;Somme;Abbeville;2024;1;5;0.0;0;2.63;3.59;2.68;1.81;100.0;0.0;0.0;0.0;0.0;0.0;0.0;0.0;0.0;0.0;0.0;0.0;0.0;0.0;0;0;0;0;0;0;0;0;0;0;0;1
Hauts-de-France;Somme;Abbeville;2025;3;31;0.0;0;1.9;2.41;3.38;0.97;0.0;0.0;0.0;0.0;0.0;0.0;33.3;0.0;33.3;0.0;0.0;0.0;0.0;33.3;2;0;0;0;0;0;0;0;0;1;0;0
Hauts-de-France;Somme;Abbeville;2026;2;15;2.0;1;3.19;3.62;3.2;0.33;0.0;0.0;50.0;0.0;0.0;0.0;0.0;0.0;50.0;0.0;0.0;0.0;0.0;0.0;0;0;0;0;2;0;0;0;0;0;0;0
Hauts-de-France;Somme;Amiens;2025;3;22;0.0;0;2.86;2.5;3.27;1.84;0.0;66.7;0.0;0.0;0.0;0.0;33.3;0.0;0.0;0.0;0.0;0.0;0.0;0.0;2;1;0;0;0;0;0;0;0;0;0;0
Hauts-de-France;Somme;Amiens;2026;7;57;9.0;3;1.96;2.37;3.02;0.37;0.0;14.3;0.0;0.0;14.3;14.3;0.0;0.0;28.6;0.0;14.3;0.0;0.0;14.3;3;0;0;0;2;2;0;0;0;0;0;0
Hauts-de-France;Somme;Montdidier;2024;3;25;0.0;0;1.34;2.87;3.07;0.56;0.0;0.0;33.3;33.3;0.0;33.3;0.0;0.0;0.0;0.0;0.0;0.0;0.0;0.0;0;0;0;0;0;0;0;0;0;0;2;1
Hauts-de-France;Somme;Montdidier;2025;1;4;0.0;0;0.16;1.35;3.17;1.57;0.0;100.0;0.0;0.0;0.0;0.0;0.0;0.0;0.0;0.0;0.0;0.0;0.0;0.0;0;0;0;0;0;0;0;1;0;0;0;0
Hauts-de-France;Somme;Montdidier;2026;1;3;5.0;1;0.4;2.14;3.77;0.9;0.0;0.0;0.0;0.0;0.0;0.0;0.0;0.0;0.0;0.0;100.0;0.0;0.0;0.0;0;0;0;1;0;0;0;0;0;0;0;0
Hauts-de-France;Somme;Péronne;2024;3;23;0.0;0;2.19;3.26;2.07;0.23;0.0;0.0;66.7;0.0;0.0;0.0;0.0;33.3;0.0;0.0;0.0;0.0;0.0;0.0;0;0;0;0;0;0;0;0;0;0;2;1
Hauts-de-France;Somme;Péronne;2025;2;22;0.0;0;3.34;3.64;3.4;1.01;0.0;0.0;0.0;50.0;0.0;0.0;0.0;0.0;0.0;0.0;0.0;0.0;50.0;0.0;0;0;0;0;0;0;2;0;0;0;0;0
Hauts-de-France;Somme;Péronne;2026;2;21;0.0;0;3.54;2.92;3.26;0.14;0.0;0.0;0.0;50.0;0.0;0.0;0.0;0.0;50.0;0.0;0.0;0.0;0.0;0.0;1;1;0;0;0;0;0;0;0;0;0;0
La Réunion;La Réunion;La Réunion Est;2025;6;33;1.0;1;2.84;2.57;3.14;0.22;0.0;33.3;0.0;33.3;0.0;0.0;16.7;0.0;0.0;0.0;16.7;0.0;0.0;0.0;0;0;0;0;0;0;0;0;3;0;1;2
La Réunion;La Réunion;La Réunion Est;2026;1;8;0.0;0;0.66;2.95;3.37;0.14;0.0;0.0;0.0;0.0;100.0;0.0;0.0;0.0;0.0;0.0;0.0;0.0;0.0;0.0;0;0;1;0;0;0;0;0;0;0;0;0
La Réunion;La Réunion;La Réunion Nord;2025;6;52;0.0;0;2.86;2.6;2.7;0.14;0.0;66.7;0.0;0.0;33.3;0.0;0.0;0.0;0.0;0.0;0.0;0.0;0.0;0.0;0;0;0;0;0;0;3;0;0;2;1;0
La Réunion;La Réunion;La Réunion Ouest;2025;1;9;0.0;0;2.89;3.08;2.28;1.6;0.0;100.0;0.0;0.0;0.0;0.0;0.0;0.0;0.0;0.0;0.0;0.0;0.0;0.0;0;0;0;0;0;0;0;0;1;0;0;0
La Réunion;La Réunion;La Réunion Ouest;2026;5;31;3.0;1;1.68;2.45;3.08;0.62;0.0;40.0;0.0;0.0;0.0;0.0;20.0;0.0;0.0;0.0;20.0;20.0;0.0;0.0;0;0;0;0;5;0;0;0;0;0;0;0
La Réunion;La Réunion;La Réunion Sud;2025;1;9;0.0;0;3.29;2.55;2.82;1.23;100.0;0.0;0.0;0.0;0.0;0.0;0.0;0.0;0.0;0.0;0.0;0.0;0.0;0.0;0;0;0;0;0;0;0;0;1;0;0;0
La Réunion;La Réunion;La Réunion Sud;2026;4;34;0.0;0;2.1;2.7;3.1;0.14;25.0;25.0;0.0;0.0;0.0;25.0;0.0;0.0;25.0;0.0;0.0;0.0;0.0;0.0;0;0;0;0;4;0;0;0;0;0;0;0
Martinique;Martinique;Centre Martinique ;2025;1;12;0.0;0;2.18;2.65;3.08;0.14;0.0;0.0;0.0;0.0;0.0;0.0;0.0;100.0;0.0;0.0;0.0;0.0;0.0;0.0;0;0;0;0;0;1;0;0;0;0;0;0
Martinique;Martinique;Nord Martinique ;2025;1;9;0.0;0;3.85;1.78;1.76;0.14;0.0;0.0;100.0;0.0;0.0;0.0;0.0;0.0;0.0;0.0;0.0;0.0;0.0;0.0;0;0;0;0;0;1;0;0;0;0;0;0
Martinique;Martinique;Sud Martinique ;2025;7;66;0.0;0;2.69;2.09;2.6;0.55;28.6;0.0;14.3;14.3;14.3;14.3;0.0;14.3;0.0;0.0;0.0;0.0;0.0;0.0;0;1;3;0;2;1;0;0;0;0;0;0
Normandie;Calvados;Bayeux;2025;7;39;0.0;0;1.0;2.0;3.25;1.04;14.3;14.3;0.0;0.0;0.0;0.0;0.0;42.9;0.0;0.0;14.3;0.0;14.3;0.0;0;0;0;0;0;0;0;7;0;0;0;0
Normandie;Calvados;Bayeux;2026;9;87;23.0;6;0.58;2.52;2.25;1.43;0.0;77.8;0.0;11.1;0.0;0.0;0.0;0.0;0.0;0.0;11.1;0.0;0.0;0.0;1;1;2;0;0;1;4;0;0;0;0;0
Normandie;Calvados;Caen;2025;2;21;0.0;0;3.04;2.8;2.79;0.14;0.0;0.0;0.0;100.0;0.0;0.0;0.0;0.0;0.0;0.0;0.0;0.0;0.0;0.0;0;0;0;0;0;0;1;0;1;0;0;0
Normandie;Calvados;Caen;2026;11;101;18.0;4;2.61;2.52;2.66;0.34;9.1;18.2;18.2;36.4;9.1;0.0;9.1;0.0;0.0;0.0;0.0;0.0;0.0;0.0;0;6;4;0;1;0;0;0;0;0;0;0
Normandie;Calvados;Lisieux;2025;6;59;2.0;1;1.96;2.9;2.96;0.69;16.7;33.3;0.0;16.7;16.7;0.0;0.0;0.0;16.7;0.0;0.0;0.0;0.0;0.0;0;0;0;1;0;2;0;1;0;1;0;1
Normandie;Calvados;Lisieux;2026;8;86;5.0;1;2.54;2.41;2.41;0.44;0.0;12.5;25.0;50.0;0.0;0.0;0.0;0.0;0.0;0.0;0.0;0.0;0.0;12.5;2;2;1;0;0;3;0;0;0;0;0;0
Normandie;Calvados;Vire;2025;9;49;0.0;0;0.83;1.3;3.34;0.87;0.0;11.1;0.0;0.0;55.6;22.2;0.0;0.0;0.0;0.0;0.0;0.0;0.0;11.1;0;0;1;0;0;0;0;4;4;0;0;0
Normandie;Calvados;Vire;2026;2;13;2.0;1;3.56;0.37;1.91;0.92;0.0;50.0;0.0;0.0;0.0;50.0;0.0;0.0;0.0;0.0;0.0;0.0;0.0;0.0;0;1;1;0;0;0;0;0;0;0;0;0
Normandie;Eure;Bernay;2025;4;25;0.0;0;2.42;1.29;2.9;0.58;25.0;0.0;0.0;25.0;25.0;0.0;0.0;0.0;0.0;0.0;25.0;0.0;0.0;0.0;0;0;2;0;1;0;0;1;0;0;0;0
Normandie;Eure;Les Andelys;2025;8;58;0.0;0;2.24;2.3;2.84;1.0;0.0;0.0;25.0;37.5;0.0;25.0;0.0;12.5;0.0;0.0;0.0;0.0;0.0;0.0;0;0;0;2;0;0;6;0;0;0;0;0
Normandie;Eure;Les Andelys;2026;3;34;0.0;0;1.93;3.3;2.63;0.69;33.3;0.0;0.0;66.7;0.0;0.0;0.0;0.0;0.0;0.0;0.0;0.0;0.0;0.0;3;0;0;0;0;0;0;0;0;0;0;0
Normandie;Eure;Évreux;2025;6;56;0.0;0;2.32;2.77;2.95;0.57;0.0;16.7;16.7;33.3;16.7;0.0;0.0;0.0;16.7;0.0;0.0;0.0;0.0;0.0;0;2;0;0;0;0;0;0;0;4;0;0
Normandie;Manche;Centre Manche;2025;4;28;0.0;0;1.8;0.86;3.08;0.48;50.0;0.0;0.0;0.0;0.0;0.0;25.0;0.0;0.0;0.0;0.0;0.0;0.0;25.0;0;0;0;0;2;0;2;0;0;0;0;0
Normandie;Manche;Centre Manche;2026;3;16;0.0;0;1.06;1.94;2.88;0.14;0.0;33.3;0.0;0.0;0.0;33.3;0.0;0.0;0.0;0.0;33.3;0.0;0.0;0.0;0;0;1;2;0;0;0;0;0;0;0;0
Normandie;Manche;Cotentin;2024;1;5;0.0;0;2.39;2.4;3.43;1.58;0.0;100.0;0.0;0.0;0.0;0.0;0.0;0.0;0.0;0.0;0.0;0.0;0.0;0.0;0;0;0;0;0;0;0;0;0;0;0;1
Normandie;Manche;Cotentin;2025;3;14;0.0;0;1.02;1.41;3.31;0.48;0.0;0.0;0.0;33.3;33.3;0.0;0.0;0.0;0.0;0.0;33.3;0.0;0.0;0.0;0;0;1;0;0;0;0;0;0;0;0;2
Normandie;Manche;Cotentin;2026;1;6;0.0;0;1.39;2.66;3.33;0.14;0.0;0.0;0.0;0.0;0.0;0.0;0.0;0.0;0.0;0.0;0.0;0.0;0.0;100.0;0;0;0;0;0;1;0;0;0;0;0;0
Normandie;Manche;Sud Manche;2025;2;16;0.0;0;0.84;1.41;3.36;0.18;0.0;50.0;0.0;0.0;0.0;0.0;50.0;0.0;0.0;0.0;0.0;0.0;0.0;0.0;0;0;0;0;0;0;1;0;0;1;0;0
Normandie;Orne;Argentan - Flers;2025;13;96;3.0;1;1.53;1.51;2.93;0.84;15.4;7.7;7.7;7.7;15.4;15.4;7.7;0.0;0.0;0.0;23.1;0.0;0.0;0.0;0;0;0;0;3;1;1;1;3;4;0;0
Normandie;Orne;Argentan - Flers;2026;1;2;0.0;0;0.93;0.28;2.42;1.39;0.0;100.0;0.0;0.0;0.0;0.0;0.0;0.0;0.0;0.0;0.0;0.0;0.0;0.0;0;0;0;0;0;0;1;0;0;0;0;0
Normandie;Orne;Pays d'Alençon et d'Andaine;2025;5;66;0.0;0;3.49;2.77;2.14;0.96;0.0;0.0;0.0;60.0;0.0;0.0;0.0;40.0;0.0;0.0;0.0;0.0;0.0;0.0;0;0;0;5;0;0;0;0;0;0;0;0
Normandie;Orne;Pays d'Alençon et d'Andaine;2026;3;25;0.0;0;3.43;1.91;2.73;0.14;0.0;0.0;0.0;100.0;0.0;0.0;0.0;0.0;0.0;0.0;0.0;0.0;0.0;0.0;0;3;0;0;0;0;0;0;0;0;0;0
Normandie;Orne;Vimoutiers - L'Aigle - Mortagne;2025;4;32;2.0;1;3.42;2.48;3.03;0.45;0.0;0.0;0.0;75.0;25.0;0.0;0.0;0.0;0.0;0.0;0.0;0.0;0.0;0.0;0;0;0;0;0;0;0;0;0;1;2;1
Normandie;Orne;Vimoutiers - L'Aigle - Mortagne;2026;1;4;1.0;1;2.93;3.2;2.68;0.14;0.0;0.0;0.0;0.0;0.0;0.0;0.0;0.0;0.0;0.0;100.0;0.0;0.0;0.0;0;0;1;0;0;0;0;0;0;0;0;0
Normandie;Seine-Maritime;Dieppe;2025;6;46;0.0;0;2.06;2.55;2.5;0.44;0.0;16.7;33.3;0.0;33.3;0.0;0.0;16.7;0.0;0.0;0.0;0.0;0.0;0.0;0;0;0;0;0;2;3;1;0;0;0;0
Normandie;Seine-Maritime;Le Havre;2025;6;54;7.0;2;2.12;2.9;3.35;0.97;0.0;0.0;0.0;0.0;33.3;0.0;0.0;0.0;0.0;16.7;0.0;0.0;0.0;50.0;0;0;0;0;0;0;1;5;0;0;0;0
Normandie;Seine-Maritime;Le Havre;2026;6;46;3.0;2;1.94;2.9;3.32;0.14;0.0;16.7;16.7;0.0;16.7;0.0;0.0;0.0;16.7;16.7;0.0;0.0;0.0;16.7;1;2;1;2;0;0;0;0;0;0;0;0
Normandie;Seine-Maritime;Pays de Bray;2025;4;36;1.0;1;2.3;3.04;2.94;0.55;25.0;25.0;0.0;25.0;0.0;0.0;0.0;0.0;25.0;0.0;0.0;0.0;0.0;0.0;0;0;0;0;0;0;0;0;1;2;1;0
Normandie;Seine-Maritime;Pays de Bray;2026;1;10;1.0;1;2.83;3.89;3.68;0.44;0.0;0.0;0.0;0.0;0.0;0.0;0.0;0.0;0.0;0.0;0.0;100.0;0.0;0.0;1;0;0;0;0;0;0;0;0;0;0;0
Normandie;Seine-Maritime;Rouen;2025;3;34;3.0;2;0.98;3.22;3.73;1.06;0.0;0.0;0.0;0.0;0.0;0.0;0.0;0.0;33.3;33.3;0.0;0.0;33.3;0.0;0;0;0;0;0;1;1;0;1;0;0;0
Normandie;Seine-Maritime;Rouen;2026;1;5;1.0;1;3.71;3.92;3.95;1.54;0.0;0.0;0.0;0.0;0.0;0.0;0.0;0.0;0.0;0.0;100.0;0.0;0.0;0.0;1;0;0;0;0;0;0;0;0;0;0;0
Nouvelle-Aquitaine;Charente;Angoulême;2025;3;36;0.0;0;2.51;2.85;2.92;0.14;0.0;66.7;0.0;0.0;33.3;0.0;0.0;0.0;0.0;0.0;0.0;0.0;0.0;0.0;0;0;0;0;0;0;1;1;0;1;0;0
Nouvelle-Aquitaine;Charente;Cognac;2025;4;43;8.0;1;1.36;1.47;3.58;0.5;0.0;0.0;25.0;0.0;0.0;0.0;50.0;0.0;0.0;0.0;0.0;0.0;25.0;0.0;0;0;0;0;0;0;0;0;0;4;0;0
Nouvelle-Aquitaine;Charente;Nord Charente;2025;2;20;0.0;0;1.56;1.92;2.78;0.14;50.0;0.0;0.0;0.0;0.0;0.0;0.0;50.0;0.0;0.0;0.0;0.0;0.0;0.0;0;0;0;0;0;0;2;0;0;0;0;0
Nouvelle-Aquitaine;Charente;Sud Charente;2025;5;49;0.0;0;2.88;1.22;3.58;0.69;0.0;0.0;0.0;20.0;20.0;20.0;40.0;0.0;0.0;0.0;0.0;0.0;0.0;0.0;0;0;0;0;0;0;0;0;0;5;0;0
Nouvelle-Aquitaine;Charente-Maritime;Jonzac;2025;3;36;0.0;0;1.33;2.24;2.52;0.79;0.0;33.3;0.0;0.0;33.3;0.0;0.0;33.3;0.0;0.0;0.0;0.0;0.0;0.0;0;0;0;0;0;1;2;0;0;0;0;0
Nouvelle-Aquitaine;Charente-Maritime;La Rochelle;2025;2;16;0.0;0;2.28;2.08;3.07;0.8;0.0;0.0;50.0;0.0;0.0;0.0;0.0;50.0;0.0;0.0;0.0;0.0;0.0;0.0;0;0;0;0;0;0;0;0;2;0;0;0
Nouvelle-Aquitaine;Charente-Maritime;La Rochelle;2026;1;1;0.0;0;3.68;0.45;3.64;0.14;0.0;0.0;0.0;0.0;0.0;0.0;0.0;0.0;0.0;0.0;100.0;0.0;0.0;0.0;0;0;1;0;0;0;0;0;0;0;0;0
Nouvelle-Aquitaine;Charente-Maritime;Rochefort;2025;3;15;0.0;0;1.94;2.08;3.22;0.53;0.0;0.0;0.0;0.0;33.3;0.0;0.0;0.0;33.3;0.0;33.3;0.0;0.0;0.0;0;0;0;3;0;0;0;0;0;0;0;0
Nouvelle-Aquitaine;Charente-Maritime;Royan;2025;1;10;1.0;1;3.67;3.87;3.44;1.78;0.0;100.0;0.0;0.0;0.0;0.0;0.0;0.0;0.0;0.0;0.0;0.0;0.0;0.0;0;0;0;0;0;0;1;0;0;0;0;0
Nouvelle-Aquitaine;Charente-Maritime;Saint-Jean-d'Angély;2025;3;14;0.0;0;0.42;2.05;3.2;0.29;0.0;33.3;0.0;0.0;33.3;0.0;0.0;33.3;0.0;0.0;0.0;0.0;0.0;0.0;0;0;0;0;0;1;1;0;0;0;1;0
Nouvelle-Aquitaine;Charente-Maritime;Saintes;2025;3;38;0.0;0;2.45;2.47;3.02;0.91;33.3;33.3;0.0;33.3;0.0;0.0;0.0;0.0;0.0;0.0;0.0;0.0;0.0;0.0;0;0;0;0;0;1;1;0;0;0;1;0
Nouvelle-Aquitaine;Corrèze;Brive La Gaillarde;2025;3;24;0.0;0;2.44;2.37;2.32;1.63;0.0;0.0;33.3;0.0;66.7;0.0;0.0;0.0;0.0;0.0;0.0;0.0;0.0;0.0;0;0;0;1;0;0;0;2;0;0;0;0
Nouvelle-Aquitaine;Corrèze;Tulle;2025;3;15;0.0;0;1.19;1.94;2.33;1.53;100.0;0.0;0.0;0.0;0.0;0.0;0.0;0.0;0.0;0.0;0.0;0.0;0.0;0.0;0;0;0;0;0;0;0;3;0;0;0;0
Nouvelle-Aquitaine;Corrèze;Ussel;2025;3;24;0.0;0;1.99;2.58;2.25;1.63;33.3;33.3;0.0;0.0;0.0;33.3;0.0;0.0;0.0;0.0;0.0;0.0;0.0;0.0;0;0;0;0;0;0;0;3;0;0;0;0
Nouvelle-Aquitaine;Deux-Sèvres;Bressuire;2025;3;26;0.0;0;2.27;3.16;3.35;0.52;0.0;33.3;0.0;0.0;0.0;0.0;0.0;0.0;33.3;0.0;0.0;0.0;0.0;33.3;0;0;0;0;0;0;0;0;0;0;0;3
Nouvelle-Aquitaine;Deux-Sèvres;Niort;2025;3;31;0.0;0;1.79;2.53;3.02;0.48;66.7;0.0;0.0;0.0;0.0;0.0;33.3;0.0;0.0;0.0;0.0;0.0;0.0;0.0;0;0;0;0;0;0;0;3;0;0;0;0
Nouvelle-Aquitaine;Deux-Sèvres;Parthenay;2025;2;16;0.0;0;0.94;2.7;2.75;0.27;0.0;100.0;0.0;0.0;0.0;0.0;0.0;0.0;0.0;0.0;0.0;0.0;0.0;0.0;0;0;0;0;0;0;0;1;0;1;0;0
Nouvelle-Aquitaine;Dordogne;Bergerac;2025;3;14;0.0;0;1.83;2.85;3.63;0.48;0.0;33.3;0.0;0.0;0.0;0.0;0.0;0.0;0.0;0.0;33.3;0.0;0.0;33.3;0;0;0;0;0;2;1;0;0;0;0;0
Nouvelle-Aquitaine;Dordogne;Nontron;2025;2;25;0.0;0;2.06;2.92;3.4;0.14;0.0;0.0;0.0;0.0;0.0;0.0;0.0;50.0;0.0;50.0;0.0;0.0;0.0;0.0;0;0;0;0;0;0;1;0;1;0;0;0
Nouvelle-Aquitaine;Dordogne;Périgueux;2025;4;24;0.0;0;2.2;2.5;3.45;0.18;0.0;25.0;0.0;0.0;0.0;0.0;25.0;0.0;25.0;0.0;25.0;0.0;0.0;0.0;0;0;0;0;0;0;3;0;0;1;0;0
Nouvelle-Aquitaine;Dordogne;Sarlat;2025;2;18;0.0;0;1.86;3.23;3.49;0.29;0.0;0.0;0.0;0.0;0.0;0.0;0.0;100.0;0.0;0.0;0.0;0.0;0.0;0.0;0;0;0;0;0;0;1;0;1;0;0;0
Nouvelle-Aquitaine;Dordogne;Sarlat;2026;1;9;0.0;0;1.39;3.55;3.53;0.14;0.0;0.0;0.0;0.0;0.0;0.0;0.0;0.0;0.0;100.0;0.0;0.0;0.0;0.0;0;0;0;0;0;0;1;0;0;0;0;0
Nouvelle-Aquitaine;Gironde;Bassin d'Arcachon et du Val de l'Eyre;2025;4;16;0.0;0;0.49;2.58;3.57;0.9;0.0;0.0;0.0;0.0;25.0;0.0;0.0;0.0;25.0;0.0;50.0;0.0;0.0;0.0;0;0;0;0;0;0;0;0;0;0;4;0
Nouvelle-Aquitaine;Gironde;Grand Libournais;2025;8;26;0.0;0;1.19;1.3;3.0;0.64;12.5;0.0;0.0;12.5;25.0;25.0;12.5;0.0;0.0;0.0;12.5;0.0;0.0;0.0;0;0;0;0;0;0;0;0;0;0;2;6
Nouvelle-Aquitaine;Gironde;Grand Libournais;2026;2;8;8.0;1;0.5;1.84;2.83;0.14;0.0;0.0;0.0;0.0;50.0;50.0;0.0;0.0;0.0;0.0;0.0;0.0;0.0;0.0;1;0;0;0;0;1;0;0;0;0;0;0
Nouvelle-Aquitaine;Gironde;Haute Gironde;2025;2;15;0.0;0;2.86;2.91;3.44;0.85;0.0;0.0;0.0;0.0;50.0;0.0;0.0;0.0;50.0;0.0;0.0;0.0;0.0;0.0;0;0;0;0;0;0;0;0;0;0;0;2
Nouvelle-Aquitaine;Gironde;Médoc;2025;2;8;0.0;0;0.38;1.98;3.4;0.14;0.0;0.0;0.0;0.0;50.0;0.0;0.0;0.0;0.0;0.0;50.0;0.0;0.0;0.0;0;0;0;0;0;0;0;0;0;0;0;2
Nouvelle-Aquitaine;Gironde;Sud Gironde;2026;7;32;18.0;7;2.38;3.04;3.11;0.14;14.3;0.0;0.0;14.3;14.3;14.3;0.0;0.0;0.0;0.0;14.3;0.0;0.0;28.6;0;0;0;0;0;7;0;0;0;0;0;0
Nouvelle-Aquitaine;Haute-Vienne;Bellac;2025;1;7;0.0;0;0.33;2.79;3.18;0.14;0.0;0.0;0.0;0.0;0.0;0.0;0.0;0.0;100.0;0.0;0.0;0.0;0.0;0.0;0;0;0;0;0;0;0;1;0;0;0;0
Nouvelle-Aquitaine;Haute-Vienne;Limoges agglomération;2025;1;6;1.0;1;3.57;3.49;3.24;1.8;0.0;100.0;0.0;0.0;0.0;0.0;0.0;0.0;0.0;0.0;0.0;0.0;0.0;0.0;0;0;0;0;0;0;1;0;0;0;0;0
Nouvelle-Aquitaine;Haute-Vienne;Limoges agglomération;2026;1;4;1.0;1;1.57;3.57;3.6;0.44;0.0;0.0;0.0;0.0;0.0;0.0;0.0;0.0;0.0;0.0;100.0;0.0;0.0;0.0;0;0;1;0;0;0;0;0;0;0;0;0
Nouvelle-Aquitaine;Haute-Vienne;Limoges hors agglomération;2025;1;7;0.0;0;3.59;2.83;3.14;1.95;0.0;0.0;0.0;0.0;0.0;0.0;0.0;0.0;0.0;0.0;0.0;0.0;100.0;0.0;0;0;0;0;0;0;0;1;0;0;0;0
Nouvelle-Aquitaine;Haute-Vienne;Limoges hors agglomération;2026;2;20;0.0;0;2.36;2.74;3.16;0.57;0.0;50.0;0.0;0.0;0.0;0.0;0.0;0.0;0.0;0.0;0.0;0.0;0.0;50.0;1;0;0;0;1;0;0;0;0;0;0;0
Nouvelle-Aquitaine;Haute-Vienne;Rochechouart;2025;1;6;0.0;0;2.41;3.36;3.26;0.14;0.0;0.0;0.0;0.0;0.0;0.0;0.0;0.0;100.0;0.0;0.0;0.0;0.0;0.0;0;0;0;0;0;0;0;1;0;0;0;0
Nouvelle-Aquitaine;Haute-Vienne;Rochechouart;2026;1;10;0.0;0;1.31;3.62;1.96;0.14;100.0;0.0;0.0;0.0;0.0;0.0;0.0;0.0;0.0;0.0;0.0;0.0;0.0;0.0;0;0;1;0;0;0;0;0;0;0;0;0
Nouvelle-Aquitaine;Landes;Est Landes;2025;4;30;1.0;1;2.47;3.34;3.54;1.53;0.0;0.0;0.0;50.0;0.0;0.0;0.0;0.0;0.0;0.0;0.0;0.0;0.0;50.0;0;0;0;4;0;0;0;0;0;0;0;0
Nouvelle-Aquitaine;Landes;Est Landes;2026;4;27;7.0;4;2.46;1.75;2.05;1.0;25.0;25.0;0.0;0.0;25.0;25.0;0.0;0.0;0.0;0.0;0.0;0.0;0.0;0.0;0;0;0;0;4;0;0;0;0;0;0;0
Nouvelle-Aquitaine;Landes;Nord-Ouest Landes;2025;3;32;0.0;0;2.1;2.87;3.57;1.22;0.0;0.0;0.0;0.0;0.0;0.0;0.0;33.3;0.0;0.0;0.0;0.0;0.0;66.7;0;0;0;0;0;0;3;0;0;0;0;0
Nouvelle-Aquitaine;Landes;Sud-Ouest Landes;2025;3;28;0.0;0;2.34;2.99;3.32;0.67;0.0;33.3;0.0;33.3;0.0;0.0;0.0;33.3;0.0;0.0;0.0;0.0;0.0;0.0;0;0;0;2;0;0;0;0;1;0;0;0
Nouvelle-Aquitaine;Lot-et-Garonne;Agen;2025;3;17;0.0;0;2.02;3.05;3.34;0.81;0.0;0.0;0.0;33.3;0.0;0.0;0.0;33.3;33.3;0.0;0.0;0.0;0.0;0.0;2;0;1;0;0;0;0;0;0;0;0;0
Nouvelle-Aquitaine;Lot-et-Garonne;Marmande;2025;5;23;0.0;0;1.42;2.51;3.02;0.36;0.0;20.0;20.0;0.0;20.0;0.0;0.0;0.0;0.0;0.0;20.0;0.0;0.0;20.0;1;3;1;0;0;0;0;0;0;0;0;0
Nouvelle-Aquitaine;Lot-et-Garonne;Villeneuve-sur-Lot;2025;4;17;0.0;0;1.14;1.88;2.77;0.7;0.0;0.0;25.0;0.0;25.0;0.0;0.0;50.0;0.0;0.0;0.0;0.0;0.0;0.0;4;0;0;0;0;0;0;0;0;0;0;0
Nouvelle-Aquitaine;Pyrénées-Atlantiques;Oloron-Sainte-Marie;2024;1;6;0.0;0;3.81;3.28;2.96;1.45;0.0;0.0;0.0;100.0;0.0;0.0;0.0;0.0;0.0;0.0;0.0;0.0;0.0;0.0;0;0;0;0;0;0;0;0;0;0;0;1
Nouvelle-Aquitaine;Pyrénées-Atlantiques;Oloron-Sainte-Marie;2025;2;17;0.0;0;1.44;3.06;3.5;0.14;0.0;0.0;0.0;0.0;0.0;0.0;0.0;0.0;100.0;0.0;0.0;0.0;0.0;0.0;1;0;0;0;0;0;0;0;0;1;0;0
Nouvelle-Aquitaine;Pyrénées-Atlantiques;Pau;2025;4;46;0.0;0;2.09;2.55;3.29;0.97;0.0;0.0;0.0;25.0;0.0;25.0;0.0;50.0;0.0;0.0;0.0;0.0;0.0;0.0;0;0;0;0;0;0;0;0;0;0;4;0
Nouvelle-Aquitaine;Pyrénées-Atlantiques;Pays Basque;2024;2;26;0.0;0;2.64;3.18;2.71;0.27;0.0;0.0;50.0;50.0;0.0;0.0;0.0;0.0;0.0;0.0;0.0;0.0;0.0;0.0;0;0;0;0;0;0;0;0;0;0;0;2
Nouvelle-Aquitaine;Pyrénées-Atlantiques;Pays Basque;2025;1;13;0.0;0;1.41;2.97;3.38;0.14;0.0;0.0;0.0;0.0;0.0;0.0;0.0;100.0;0.0;0.0;0.0;0.0;0.0;0.0;0;0;0;0;0;1;0;0;0;0;0;0
Nouvelle-Aquitaine;Vienne;Châtellerault;2024;1;6;0.0;0;2.21;3.64;2.77;0.4;0.0;0.0;0.0;0.0;0.0;0.0;0.0;100.0;0.0;0.0;0.0;0.0;0.0;0.0;0;0;0;0;0;0;0;0;0;0;0;1
Nouvelle-Aquitaine;Vienne;Montmorillon;2025;2;13;0.0;0;3.58;1.16;2.67;0.14;0.0;0.0;0.0;0.0;50.0;0.0;50.0;0.0;0.0;0.0;0.0;0.0;0.0;0.0;0;0;2;0;0;0;0;0;0;0;0;0
Nouvelle-Aquitaine;Vienne;Poitiers;2025;2;9;0.0;0;3.58;3.04;3.54;0.97;0.0;0.0;0.0;0.0;0.0;0.0;0.0;0.0;50.0;0.0;50.0;0.0;0.0;0.0;0;0;1;0;1;0;0;0;0;0;0;0
Occitanie;Ariège;Couserans;2025;3;24;0.0;0;1.46;2.75;2.68;0.99;33.3;33.3;0.0;0.0;0.0;0.0;0.0;0.0;0.0;0.0;33.3;0.0;0.0;0.0;0;0;0;0;0;3;0;0;0;0;0;0
Occitanie;Ariège;Pays des Pyrénées Cathares;2025;2;7;0.0;0;1.66;3.49;3.87;0.84;0.0;0.0;0.0;0.0;0.0;0.0;0.0;0.0;50.0;0.0;50.0;0.0;0.0;0.0;0;0;0;0;0;1;1;0;0;0;0;0
Occitanie;Ariège;Vallée de l'Ariège;2025;3;19;0.0;0;1.75;2.81;3.26;0.67;0.0;33.3;0.0;0.0;33.3;0.0;0.0;0.0;0.0;0.0;33.3;0.0;0.0;0.0;0;0;0;0;0;0;2;1;0;0;0;0
Occitanie;Aude;Carcassonne;2025;5;38;0.0;0;2.08;2.23;3.15;0.22;20.0;0.0;0.0;0.0;0.0;60.0;0.0;20.0;0.0;0.0;0.0;0.0;0.0;0.0;0;0;0;0;0;0;0;1;4;0;0;0
Occitanie;Aude;Limoux;2025;4;37;0.0;0;3.5;3.32;3.22;0.64;25.0;0.0;0.0;25.0;0.0;0.0;0.0;25.0;0.0;0.0;25.0;0.0;0.0;0.0;0;0;0;0;0;0;0;1;3;0;0;0
Occitanie;Aude;Narbonne;2025;4;37;0.0;0;2.53;2.99;2.67;1.1;25.0;25.0;0.0;50.0;0.0;0.0;0.0;0.0;0.0;0.0;0.0;0.0;0.0;0.0;0;0;0;0;0;0;0;0;4;0;0;0
Occitanie;Aveyron;Millau;2025;4;46;0.0;0;1.68;2.05;3.71;1.13;0.0;0.0;0.0;0.0;25.0;50.0;0.0;0.0;0.0;25.0;0.0;0.0;0.0;0.0;0;0;0;0;0;0;0;0;0;0;2;2
Occitanie;Aveyron;Rodez;2025;2;28;0.0;0;2.84;0.35;3.66;0.29;0.0;0.0;0.0;0.0;100.0;0.0;0.0;0.0;0.0;0.0;0.0;0.0;0.0;0.0;0;0;0;0;0;0;0;2;0;0;0;0
Occitanie;Aveyron;Rodez;2026;1;13;0.0;0;2.96;3.36;3.86;0.14;0.0;0.0;0.0;0.0;0.0;0.0;0.0;0.0;0.0;0.0;0.0;0.0;0.0;100.0;0;1;0;0;0;0;0;0;0;0;0;0
Occitanie;Aveyron;Villefranche de Rouergue;2025;4;44;0.0;0;2.31;1.04;3.09;0.58;0.0;25.0;0.0;0.0;75.0;0.0;0.0;0.0;0.0;0.0;0.0;0.0;0.0;0.0;0;0;0;0;0;0;1;2;0;0;1;0
Occitanie;Gard;Gard Centre-Sud;2024;2;21;0.0;0;2.33;0.68;2.62;0.14;0.0;0.0;50.0;0.0;0.0;0.0;0.0;50.0;0.0;0.0;0.0;0.0;0.0;0.0;0;0;0;0;0;0;0;0;0;1;0;1
Occitanie;Gard;Gard Centre-Sud;2025;4;34;0.0;0;2.03;2.1;2.49;0.27;0.0;75.0;0.0;0.0;0.0;0.0;0.0;0.0;25.0;0.0;0.0;0.0;0.0;0.0;1;0;1;0;0;0;1;1;0;0;0;0
Occitanie;Gard;Gard Nord-Est;2024;1;11;0.0;0;2.95;3.58;3.44;0.4;0.0;0.0;0.0;100.0;0.0;0.0;0.0;0.0;0.0;0.0;0.0;0.0;0.0;0.0;0;0;0;0;0;0;0;0;0;0;0;1
Occitanie;Gard;Gard Nord-Est;2025;1;11;0.0;0;3.36;3.64;3.05;0.4;0.0;0.0;0.0;100.0;0.0;0.0;0.0;0.0;0.0;0.0;0.0;0.0;0.0;0.0;0;0;0;0;0;0;0;0;0;0;1;0
Occitanie;Gard;Gard Nord-Ouest;2024;1;9;0.0;0;1.08;3.38;1.93;0.14;0.0;0.0;100.0;0.0;0.0;0.0;0.0;0.0;0.0;0.0;0.0;0.0;0.0;0.0;0;0;0;0;0;0;0;0;0;1;0;0
Occitanie;Gard;Gard Nord-Ouest;2025;2;26;0.0;0;3.84;2.78;3.47;0.34;0.0;0.0;0.0;0.0;0.0;0.0;0.0;0.0;100.0;0.0;0.0;0.0;0.0;0.0;2;0;0;0;0;0;0;0;0;0;0;0
Occitanie;Gers;Condom;2025;2;20;0.0;0;2.28;1.87;3.16;1.37;0.0;50.0;0.0;0.0;50.0;0.0;0.0;0.0;0.0;0.0;0.0;0.0;0.0;0.0;0;1;0;0;0;0;0;1;0;0;0;0
Occitanie;Gers;Condom;2026;4;25;0.0;0;2.03;2.3;2.6;0.14;50.0;0.0;0.0;0.0;0.0;25.0;0.0;0.0;0.0;0.0;0.0;0.0;0.0;25.0;0;3;1;0;0;0;0;0;0;0;0;0
Occitanie;Gers;L'Isle Jourdain - Auch;2025;1;6;0.0;0;2.06;2.11;3.23;1.32;0.0;0.0;0.0;0.0;100.0;0.0;0.0;0.0;0.0;0.0;0.0;0.0;0.0;0.0;1;0;0;0;0;0;0;0;0;0;0;0
Occitanie;Gers;L'Isle Jourdain - Auch;2026;3;25;0.0;0;2.07;1.0;3.34;0.14;0.0;0.0;0.0;0.0;33.3;0.0;66.7;0.0;0.0;0.0;0.0;0.0;0.0;0.0;2;1;0;0;0;0;0;0;0;0;0;0
Occitanie;Haute-Garonne;Muret;2025;1;10;0.0;0;3.95;2.7;2.92;0.4;0.0;100.0;0.0;0.0;0.0;0.0;0.0;0.0;0.0;0.0;0.0;0.0;0.0;0.0;0;0;0;0;0;1;0;0;0;0;0;0
Occitanie;Haute-Garonne;Nord Haute-Garonne;2025;4;18;9.0;2;1.92;3.28;3.52;1.5;0.0;0.0;25.0;25.0;0.0;0.0;0.0;0.0;0.0;0.0;50.0;0.0;0.0;0.0;0;0;0;0;0;0;3;0;0;1;0;0
Occitanie;Haute-Garonne;Saint-Gaudens;2025;5;67;0.0;0;1.9;2.66;2.97;0.25;0.0;0.0;0.0;20.0;0.0;20.0;0.0;40.0;20.0;0.0;0.0;0.0;0.0;0.0;0;0;0;0;0;1;2;2;0;0;0;0
Occitanie;Haute-Garonne;Toulouse Métropole;2025;1;10;0.0;0;0.5;3.63;3.43;1.9;0.0;0.0;0.0;0.0;0.0;0.0;0.0;100.0;0.0;0.0;0.0;0.0;0.0;0.0;0;0;0;0;0;0;1;0;0;0;0;0
Occitanie;Hautes-Pyrénées;Argelès Gazost;2025;3;28;0.0;0;1.42;2.85;3.19;0.43;0.0;0.0;33.3;0.0;0.0;0.0;0.0;33.3;33.3;0.0;0.0;0.0;0.0;0.0;0;0;0;0;0;2;1;0;0;0;0;0
Occitanie;Hautes-Pyrénées;Argelès Gazost;2026;2;20;0.0;0;1.76;2.06;3.7;0.36;0.0;0.0;0.0;0.0;0.0;0.0;50.0;0.0;0.0;50.0;0.0;0.0;0.0;0.0;2;0;0;0;0;0;0;0;0;0;0;0
Occitanie;Hautes-Pyrénées;Bagnères de Bigorre;2025;3;37;0.0;0;2.91;3.03;2.9;0.69;66.7;0.0;0.0;33.3;0.0;0.0;0.0;0.0;0.0;0.0;0.0;0.0;0.0;0.0;0;0;0;0;0;3;0;0;0;0;0;0
Occitanie;Hautes-Pyrénées;Bagnères de Bigorre;2026;3;22;6.0;2;2.57;3.19;3.19;0.14;33.3;33.3;0.0;0.0;0.0;0.0;0.0;0.0;0.0;33.3;0.0;0.0;0.0;0.0;0;0;3;0;0;0;0;0;0;0;0;0
Occitanie;Hautes-Pyrénées;Tarbes;2025;3;18;0.0;0;1.61;2.1;3.56;0.84;0.0;0.0;0.0;0.0;0.0;0.0;33.3;33.3;0.0;0.0;0.0;0.0;33.3;0.0;0;0;0;0;0;2;1;0;0;0;0;0
Occitanie;Hautes-Pyrénées;Tarbes;2026;3;14;2.0;1;2.46;2.11;3.62;0.14;0.0;0.0;0.0;0.0;33.3;0.0;33.3;0.0;0.0;0.0;33.3;0.0;0.0;0.0;0;0;0;0;0;3;0;0;0;0;0;0
Occitanie;Hérault;Béziers;2025;3;41;0.0;0;3.53;3.4;2.88;0.63;0.0;0.0;0.0;100.0;0.0;0.0;0.0;0.0;0.0;0.0;0.0;0.0;0.0;0.0;0;0;0;0;0;3;0;0;0;0;0;0
Occitanie;Hérault;Béziers;2026;1;10;0.0;0;3.21;0.28;2.5;0.14;0.0;0.0;100.0;0.0;0.0;0.0;0.0;0.0;0.0;0.0;0.0;0.0;0.0;0.0;0;0;1;0;0;0;0;0;0;0;0;0
Occitanie;Hérault;Lodève;2025;9;78;0.0;0;2.59;2.94;3.32;0.69;0.0;0.0;0.0;33.3;0.0;0.0;0.0;66.7;0.0;0.0;0.0;0.0;0.0;0.0;0;0;0;0;0;0;4;1;4;0;0;0
Occitanie;Lot;Cahors;2025;4;22;0.0;0;1.83;2.86;2.41;0.2;25.0;0.0;75.0;0.0;0.0;0.0;0.0;0.0;0.0;0.0;0.0;0.0;0.0;0.0;0;0;0;0;0;0;4;0;0;0;0;0
Occitanie;Lot;Figeac;2025;5;47;0.0;0;2.96;2.66;2.82;1.11;0.0;0.0;20.0;40.0;20.0;0.0;0.0;0.0;20.0;0.0;0.0;0.0;0.0;0.0;0;0;0;0;0;0;4;0;0;0;0;1
Occitanie;Lot;Souillac;2025;2;17;0.0;0;1.98;0.43;3.26;0.14;0.0;0.0;50.0;0.0;0.0;0.0;50.0;0.0;0.0;0.0;0.0;0.0;0.0;0.0;0;0;0;0;0;0;2;0;0;0;0;0
Occitanie;Pyrénées-Orientales;Céret;2025;1;12;0.0;0;2.6;3.64;3.93;1.69;0.0;0.0;0.0;0.0;0.0;0.0;0.0;0.0;0.0;0.0;0.0;100.0;0.0;0.0;0;0;0;0;0;0;0;0;0;0;0;1
Occitanie;Pyrénées-Orientales;Perpignan;2025;1;13;0.0;0;3.51;3.63;3.5;1.71;0.0;0.0;0.0;0.0;0.0;0.0;0.0;0.0;0.0;0.0;0.0;0.0;100.0;0.0;0;0;0;0;0;0;0;0;0;0;0;1
Occitanie;Pyrénées-Orientales;Perpignan;2026;2;10;0.0;0;0.55;2.09;3.36;0.14;0.0;0.0;0.0;0.0;0.0;0.0;50.0;0.0;0.0;0.0;50.0;0.0;0.0;0.0;2;0;0;0;0;0;0;0;0;0;0;0
Occitanie;Tarn;Tarn Nord;2025;7;65;0.0;0;1.89;1.81;2.44;0.63;28.6;28.6;0.0;0.0;0.0;0.0;0.0;28.6;14.3;0.0;0.0;0.0;0.0;0.0;0;0;0;0;0;5;2;0;0;0;0;0
Occitanie;Tarn;Tarn Ouest;2025;5;35;0.0;0;2.16;2.32;3.4;1.11;0.0;0.0;0.0;0.0;20.0;0.0;20.0;0.0;20.0;0.0;20.0;0.0;0.0;20.0;0;0;0;1;0;2;2;0;0;0;0;0
Occitanie;Tarn;Tarn Sud;2025;4;35;0.0;0;1.06;2.24;2.7;1.34;0.0;25.0;0.0;25.0;25.0;0.0;25.0;0.0;0.0;0.0;0.0;0.0;0.0;0.0;0;0;0;0;0;4;0;0;0;0;0;0
Occitanie;Tarn;Tarn Sud;2026;1;8;0.0;0;2.91;2.6;2.77;1.16;100.0;0.0;0.0;0.0;0.0;0.0;0.0;0.0;0.0;0.0;0.0;0.0;0.0;0.0;1;0;0;0;0;0;0;0;0;0;0;0
Occitanie;Tarn-et-Garonne;Castelsarrasin;2025;3;40;0.0;0;3.42;1.85;3.34;1.39;0.0;0.0;0.0;66.7;0.0;0.0;33.3;0.0;0.0;0.0;0.0;0.0;0.0;0.0;0;0;0;0;0;1;0;0;1;0;0;1
Occitanie;Tarn-et-Garonne;Montauban;2025;3;30;0.0;0;2.46;3.31;3.34;1.07;33.3;0.0;0.0;33.3;0.0;0.0;0.0;0.0;0.0;0.0;0.0;0.0;0.0;33.3;0;0;0;0;0;0;2;0;0;1;0;0
Pays de la Loire;Loire-Atlantique;Loire-Atlantique Centre;2026;6;46;21.0;4;1.5;1.5;3.1;0.27;0.0;0.0;0.0;0.0;33.3;0.0;50.0;0.0;0.0;0.0;16.7;0.0;0.0;0.0;0;0;4;1;0;1;0;0;0;0;0;0
Pays de la Loire;Loire-Atlantique;Loire-Atlantique Nord;2025;1;10;0.0;0;0.28;2.77;3.82;0.4;0.0;0.0;0.0;0.0;0.0;0.0;0.0;0.0;100.0;0.0;0.0;0.0;0.0;0.0;0;0;1;0;0;0;0;0;0;0;0;0
Pays de la Loire;Loire-Atlantique;Loire-Atlantique Nord;2026;1;5;1.0;1;2.14;0.27;2.75;0.14;0.0;0.0;0.0;0.0;0.0;100.0;0.0;0.0;0.0;0.0;0.0;0.0;0.0;0.0;0;0;0;0;0;0;1;0;0;0;0;0
Pays de la Loire;Loire-Atlantique;Loire-Atlantique Sud;2025;1;9;0.0;0;3.62;2.32;2.2;0.4;0.0;0.0;0.0;0.0;0.0;0.0;0.0;0.0;100.0;0.0;0.0;0.0;0.0;0.0;0;0;0;1;0;0;0;0;0;0;0;0
Pays de la Loire;Loire-Atlantique;Loire-Atlantique Sud;2026;1;6;1.0;1;1.94;3.87;3.92;1.9;0.0;0.0;100.0;0.0;0.0;0.0;0.0;0.0;0.0;0.0;0.0;0.0;0.0;0.0;0;1;0;0;0;0;0;0;0;0;0;0
Pays de la Loire;Maine-et-Loire;Angers;2025;4;42;0.0;0;1.88;1.78;2.85;0.84;25.0;0.0;0.0;25.0;0.0;0.0;25.0;25.0;0.0;0.0;0.0;0.0;0.0;0.0;1;1;0;1;1;0;0;0;0;0;0;0
Pays de la Loire;Maine-et-Loire;Cholet;2025;4;40;0.0;0;1.75;1.45;3.83;1.08;0.0;0.0;0.0;0.0;25.0;0.0;50.0;25.0;0.0;0.0;0.0;0.0;0.0;0.0;0;0;0;1;1;2;0;0;0;0;0;0
Pays de la Loire;Maine-et-Loire;Saumur;2025;3;22;0.0;0;2.89;3.35;3.29;0.23;0.0;0.0;0.0;33.3;0.0;0.0;0.0;33.3;0.0;0.0;33.3;0.0;0.0;0.0;0;0;1;0;0;2;0;0;0;0;0;0
Pays de la Loire;Maine-et-Loire;Segré;2025;4;28;0.0;0;1.89;2.01;2.08;0.2;75.0;0.0;25.0;0.0;0.0;0.0;0.0;0.0;0.0;0.0;0.0;0.0;0.0;0.0;0;0;0;0;0;0;0;3;1;0;0;0
Pays de la Loire;Sarthe;Sarthe Centre;2025;4;22;0.0;0;1.68;1.92;2.72;0.57;25.0;0.0;50.0;0.0;25.0;0.0;0.0;0.0;0.0;0.0;0.0;0.0;0.0;0.0;1;0;0;0;0;0;0;0;0;3;0;0
Pays de la Loire;Sarthe;Sarthe Centre;2026;2;16;9.0;2;0.55;2.92;2.91;0.14;50.0;0.0;0.0;0.0;0.0;0.0;0.0;0.0;50.0;0.0;0.0;0.0;0.0;0.0;0;0;0;2;0;0;0;0;0;0;0;0
Pays de la Loire;Sarthe;Sarthe Nord;2025;5;38;0.0;0;1.1;2.04;3.64;0.14;0.0;20.0;0.0;0.0;20.0;0.0;20.0;20.0;0.0;0.0;20.0;0.0;0.0;0.0;1;1;0;0;0;0;0;0;0;3;0;0
Pays de la Loire;Sarthe;Sarthe Sud;2025;4;24;0.0;0;2.82;2.35;3.44;0.52;0.0;0.0;25.0;25.0;0.0;25.0;0.0;0.0;0.0;0.0;25.0;0.0;0.0;0.0;2;0;0;0;0;0;0;0;2;0;0;0
Pays de la Loire;Vendée;Vendée Centre;2025;7;34;0.0;0;2.01;1.27;3.03;0.35;0.0;0.0;14.3;14.3;0.0;0.0;0.0;14.3;0.0;0.0;57.1;0.0;0.0;0.0;0;0;0;2;0;0;1;0;3;0;1;0
Pays de la Loire;Vendée;Vendée Nord;2025;2;10;0.0;0;1.94;0.48;3.03;0.87;0.0;0.0;0.0;0.0;0.0;50.0;50.0;0.0;0.0;0.0;0.0;0.0;0.0;0.0;0;0;0;0;1;0;0;0;0;0;1;0
Pays de la Loire;Vendée;Vendée Nord;2026;2;7;1.0;1;3.07;0.42;3.52;0.14;0.0;0.0;0.0;0.0;50.0;0.0;50.0;0.0;0.0;0.0;0.0;0.0;0.0;0.0;0;1;1;0;0;0;0;0;0;0;0;0
Pays de la Loire;Vendée;Vendée Ouest;2025;6;64;0.0;0;2.31;2.16;2.8;0.93;66.7;0.0;0.0;16.7;0.0;0.0;0.0;0.0;0.0;0.0;0.0;0.0;16.7;0.0;0;0;0;1;0;1;0;0;1;3;0;0
Pays de la Loire;Vendée;Vendée Ouest;2026;1;6;0.0;0;0.73;2.1;3.04;0.14;100.0;0.0;0.0;0.0;0.0;0.0;0.0;0.0;0.0;0.0;0.0;0.0;0.0;0.0;0;1;0;0;0;0;0;0;0;0;0;0
Pays de la Loire;Vendée;Vendée Sud;2025;4;30;0.0;0;2.41;2.08;3.04;0.57;0.0;0.0;25.0;0.0;50.0;25.0;0.0;0.0;0.0;0.0;0.0;0.0;0.0;0.0;0;0;0;1;0;0;0;0;2;0;0;1
Provence-Alpes-Côte d'Azur;Alpes-Maritimes;Grasse;2025;7;51;0.0;0;2.15;2.07;2.56;0.91;28.6;0.0;14.3;28.6;28.6;0.0;0.0;0.0;0.0;0.0;0.0;0.0;0.0;0.0;0;0;0;5;1;1;0;0;0;0;0;0
Provence-Alpes-Côte d'Azur;Alpes-Maritimes;Grasse;2026;3;8;0.0;0;1.38;3.08;2.64;0.74;0.0;33.3;66.7;0.0;0.0;0.0;0.0;0.0;0.0;0.0;0.0;0.0;0.0;0.0;0;0;0;0;3;0;0;0;0;0;0;0
Provence-Alpes-Côte d'Azur;Alpes-Maritimes;Nice;2025;9;40;0.0;0;2.05;2.04;2.52;0.75;0.0;11.1;22.2;0.0;22.2;0.0;0.0;33.3;0.0;0.0;11.1;0.0;0.0;0.0;0;0;0;3;1;1;2;0;2;0;0;0
Provence-Alpes-Côte d'Azur;Alpes-de-Haute-Provence;Alpes-de-Haute-Provence;2026;1;7;0.0;0;0.65;0.43;3.26;1.45;0.0;0.0;0.0;0.0;0.0;0.0;100.0;0.0;0.0;0.0;0.0;0.0;0.0;0.0;1;0;0;0;0;0;0;0;0;0;0;0
Provence-Alpes-Côte d'Azur;Bouches-du-Rhône;Aix-en-Provence;2025;1;14;0.0;0;3.93;1.19;2.31;0.4;100.0;0.0;0.0;0.0;0.0;0.0;0.0;0.0;0.0;0.0;0.0;0.0;0.0;0.0;0;0;0;0;0;0;0;0;0;0;0;1
Provence-Alpes-Côte d'Azur;Bouches-du-Rhône;Aix-en-Provence;2026;2;19;0.0;0;3.77;2.7;3.15;0.67;50.0;0.0;0.0;50.0;0.0;0.0;0.0;0.0;0.0;0.0;0.0;0.0;0.0;0.0;0;2;0;0;0;0;0;0;0;0;0;0
Provence-Alpes-Côte d'Azur;Bouches-du-Rhône;Arles;2025;9;24;0.0;0;1.91;2.75;3.53;1.66;0.0;0.0;0.0;0.0;0.0;11.1;0.0;0.0;0.0;0.0;88.9;0.0;0.0;0.0;0;0;0;0;0;0;0;0;0;0;8;1
Provence-Alpes-Côte d'Azur;Bouches-du-Rhône;Arles;2026;7;30;24.0;5;2.02;2.4;3.77;0.39;0.0;0.0;0.0;0.0;0.0;14.3;28.6;0.0;0.0;0.0;57.1;0.0;0.0;0.0;0;0;5;1;1;0;0;0;0;0;0;0
Provence-Alpes-Côte d'Azur;Bouches-du-Rhône;Marseille;2025;1;13;0.0;0;2.98;0.35;3.65;0.14;0.0;0.0;0.0;0.0;0.0;0.0;100.0;0.0;0.0;0.0;0.0;0.0;0.0;0.0;0;0;1;0;0;0;0;0;0;0;0;0
Provence-Alpes-Côte d'Azur;Var;Brignoles;2024;1;10;0.0;0;2.38;2.63;3.67;0.14;0.0;0.0;0.0;0.0;0.0;0.0;0.0;0.0;100.0;0.0;0.0;0.0;0.0;0.0;0;0;0;0;0;0;0;0;1;0;0;0
Provence-Alpes-Côte d'Azur;Var;Brignoles;2025;3;26;0.0;0;1.59;1.14;3.16;0.55;0.0;0.0;0.0;0.0;0.0;0.0;66.7;33.3;0.0;0.0;0.0;0.0;0.0;0.0;0;2;0;0;0;0;0;0;1;0;0;0
Provence-Alpes-Côte d'Azur;Var;Brignoles;2026;6;46;6.0;2;1.54;1.51;3.3;0.57;0.0;0.0;0.0;16.7;0.0;0.0;33.3;0.0;33.3;0.0;16.7;0.0;0.0;0.0;0;3;3;0;0;0;0;0;0;0;0;0
Provence-Alpes-Côte d'Azur;Var;Draguignan;2024;4;39;0.0;0;1.39;1.47;3.5;0.54;0.0;0.0;25.0;0.0;0.0;25.0;25.0;25.0;0.0;0.0;0.0;0.0;0.0;0.0;0;0;0;0;0;0;0;0;0;0;0;4
Provence-Alpes-Côte d'Azur;Var;Draguignan;2026;3;27;0.0;0;1.08;1.83;3.68;0.14;0.0;0.0;0.0;0.0;0.0;33.3;33.3;0.0;33.3;0.0;0.0;0.0;0.0;0.0;0;3;0;0;0;0;0;0;0;0;0;0
Provence-Alpes-Côte d'Azur;Var;Toulon;2025;4;33;0.0;0;1.38;1.74;3.33;0.5;0.0;0.0;0.0;0.0;50.0;0.0;25.0;25.0;0.0;0.0;0.0;0.0;0.0;0.0;0;4;0;0;0;0;0;0;0;0;0;0
Provence-Alpes-Côte d'Azur;Vaucluse;Comtat-Venaissin;2025;3;27;0.0;0;3.15;3.32;3.18;0.23;33.3;0.0;0.0;33.3;0.0;0.0;0.0;0.0;33.3;0.0;0.0;0.0;0.0;0.0;0;0;0;3;0;0;0;0;0;0;0;0
Provence-Alpes-Côte d'Azur;Vaucluse;Grand Avignon;2025;7;46;0.0;0;1.22;3.09;3.36;0.14;0.0;42.9;14.3;0.0;0.0;0.0;0.0;14.3;0.0;0.0;14.3;0.0;0.0;14.3;0;0;0;0;7;0;0;0;0;0;0;0
Provence-Alpes-Côte d'Azur;Vaucluse;Haut-Vaucluse;2025;4;27;0.0;0;1.58;1.77;3.47;0.14;0.0;0.0;25.0;0.0;0.0;0.0;50.0;25.0;0.0;0.0;0.0;0.0;0.0;0.0;0;0;0;4;0;0;0;0;0;0;0;0
Provence-Alpes-Côte d'Azur;Vaucluse;Sud-Vaucluse;2026;8;19;23.0;6;1.33;1.56;2.68;0.14;0.0;37.5;0.0;0.0;25.0;25.0;0.0;0.0;0.0;0.0;12.5;0.0;0.0;0.0;0;0;8;0;0;0;0;0;0;0;0;0
Île-de-France;Essonne;Nord-Ouest Essonne;2026;7;58;6.0;3;1.54;2.49;2.89;0.84;0.0;0.0;42.9;0.0;14.3;28.6;0.0;0.0;0.0;0.0;14.3;0.0;0.0;0.0;6;1;0;0;0;0;0;0;0;0;0;0
Île-de-France;Essonne;Seine Essonne;2025;6;58;0.0;0;1.53;2.89;3.32;0.33;50.0;0.0;0.0;16.7;0.0;16.7;0.0;0.0;0.0;16.7;0.0;0.0;0.0;0.0;0;0;0;0;0;0;0;0;1;0;2;3
Île-de-France;Essonne;Sud Essonne ;2025;1;2;0.0;0;3.56;3.15;2.65;0.14;0.0;0.0;100.0;0.0;0.0;0.0;0.0;0.0;0.0;0.0;0.0;0.0;0.0;0.0;0;0;0;0;0;0;0;0;0;0;0;1
Île-de-France;Essonne;Sud Essonne ;2026;2;8;0.0;0;2.8;3.32;3.06;0.14;0.0;50.0;0.0;50.0;0.0;0.0;0.0;0.0;0.0;0.0;0.0;0.0;0.0;0.0;2;0;0;0;0;0;0;0;0;0;0;0
Île-de-France;Hauts-de-Seine;Boucle Nord de Seine ;2025;2;13;0.0;0;3.63;2.92;3.62;1.77;0.0;0.0;0.0;0.0;0.0;0.0;0.0;100.0;0.0;0.0;0.0;0.0;0.0;0.0;0;0;0;0;0;0;0;2;0;0;0;0
Île-de-France;Hauts-de-Seine;Grand Paris Seine Ouest ;2025;2;8;0.0;0;3.19;2.96;3.65;1.36;0.0;0.0;0.0;0.0;0.0;0.0;0.0;0.0;0.0;0.0;100.0;0.0;0.0;0.0;0;0;0;2;0;0;0;0;0;0;0;0
Île-de-France;Hauts-de-Seine;Grand Paris Seine Ouest ;2026;2;25;0.0;0;3.18;2.82;3.16;0.14;0.0;0.0;50.0;0.0;0.0;0.0;0.0;0.0;0.0;50.0;0.0;0.0;0.0;0.0;0;0;0;2;0;0;0;0;0;0;0;0
Île-de-France;Hauts-de-Seine;Paris Ouest La Défense ;2025;2;8;0.0;0;1.47;3.28;3.18;0.4;50.0;0.0;0.0;0.0;0.0;0.0;0.0;0.0;0.0;0.0;50.0;0.0;0.0;0.0;0;0;0;0;0;0;0;0;0;2;0;0
Île-de-France;Hauts-de-Seine;Paris Ouest La Défense ;2026;1;8;0.0;0;1.88;2.38;3.29;0.14;0.0;0.0;0.0;100.0;0.0;0.0;0.0;0.0;0.0;0.0;0.0;0.0;0.0;0.0;0;0;0;0;0;1;0;0;0;0;0;0
Île-de-France;Hauts-de-Seine;Vallée Sud Grand Paris ;2025;2;12;0.0;0;3.28;3.6;3.37;0.14;0.0;0.0;0.0;100.0;0.0;0.0;0.0;0.0;0.0;0.0;0.0;0.0;0.0;0.0;0;0;0;0;0;0;2;0;0;0;0;0
Île-de-France;Paris;Paris;2026;1;5;0.0;0;0.17;3.41;3.09;0.14;0.0;0.0;0.0;0.0;0.0;0.0;0.0;0.0;100.0;0.0;0.0;0.0;0.0;0.0;0;0;0;1;0;0;0;0;0;0;0;0
Île-de-France;Seine-Saint-Denis;Est Ensemble ;2025;5;31;0.0;0;2.23;2.49;2.89;0.14;20.0;20.0;0.0;40.0;0.0;0.0;0.0;0.0;0.0;0.0;20.0;0.0;0.0;0.0;0;0;0;0;0;0;0;0;0;1;2;2
Île-de-France;Seine-Saint-Denis;Grand Paris Grand Est ;2025;1;8;0.0;0;3.53;2.99;2.84;0.14;0.0;0.0;0.0;100.0;0.0;0.0;0.0;0.0;0.0;0.0;0.0;0.0;0.0;0.0;0;0;0;0;0;0;0;0;0;1;0;0
Île-de-France;Seine-Saint-Denis;Paris Terres d'Envol;2025;4;43;5.0;1;3.22;1.93;2.81;0.78;0.0;0.0;0.0;50.0;0.0;0.0;50.0;0.0;0.0;0.0;0.0;0.0;0.0;0.0;0;0;0;0;0;0;0;0;0;1;3;0
Île-de-France;Seine-Saint-Denis;Paris Terres d'Envol;2026;2;16;9.0;2;2.37;3.0;2.98;0.14;50.0;0.0;0.0;50.0;0.0;0.0;0.0;0.0;0.0;0.0;0.0;0.0;0.0;0.0;0;0;0;0;2;0;0;0;0;0;0;0
Île-de-France;Seine-Saint-Denis;Plaine Commune ;2025;2;21;0.0;0;2.84;2.01;2.7;0.44;0.0;0.0;0.0;50.0;0.0;0.0;50.0;0.0;0.0;0.0;0.0;0.0;0.0;0.0;0;0;0;0;0;0;0;0;0;0;1;1
Île-de-France;Seine-et-Marne;Centre Seine-et-Marne;2026;6;29;25.0;6;1.09;1.57;2.54;0.77;66.7;33.3;0.0;0.0;0.0;0.0;0.0;0.0;0.0;0.0;0.0;0.0;0.0;0.0;0;0;4;0;2;0;0;0;0;0;0;0
Île-de-France;Seine-et-Marne;Est Seine-et-Marne;2025;1;5;0.0;0;3.28;3.02;3.33;0.14;0.0;100.0;0.0;0.0;0.0;0.0;0.0;0.0;0.0;0.0;0.0;0.0;0.0;0.0;0;0;0;0;0;0;0;0;0;0;1;0
Île-de-France;Seine-et-Marne;Marne-la-Vallée;2025;1;6;0.0;0;3.23;3.52;3.14;1.87;100.0;0.0;0.0;0.0;0.0;0.0;0.0;0.0;0.0;0.0;0.0;0.0;0.0;0.0;0;0;0;0;0;0;0;0;0;0;1;0
Île-de-France;Seine-et-Marne;Marne-la-Vallée;2026;8;39;13.0;6;2.29;1.29;3.06;0.82;0.0;0.0;12.5;0.0;25.0;25.0;12.5;0.0;0.0;0.0;25.0;0.0;0.0;0.0;0;0;2;2;0;4;0;0;0;0;0;0
Île-de-France;Seine-et-Marne;Nord-Est Seine-et-Marne;2025;4;30;1.0;1;1.33;1.86;2.98;0.48;25.0;25.0;0.0;0.0;25.0;0.0;0.0;0.0;25.0;0.0;0.0;0.0;0.0;0.0;0;0;0;0;0;0;0;0;0;0;1;3
Île-de-France;Seine-et-Marne;Sud Seine-et-Marne ;2025;10;61;1.0;1;1.62;2.96;3.02;0.58;30.0;10.0;20.0;10.0;0.0;0.0;0.0;20.0;0.0;0.0;10.0;0.0;0.0;0.0;0;0;0;0;0;0;0;0;0;1;7;2
Île-de-France;Seine-et-Marne;Sud Seine-et-Marne ;2026;1;6;0.0;0;1.6;0.45;3.49;0.44;0.0;0.0;0.0;0.0;0.0;0.0;100.0;0.0;0.0;0.0;0.0;0.0;0.0;0.0;1;0;0;0;0;0;0;0;0;0;0;0
Île-de-France;Val-d'Oise;Centre Val-d’Oise;2025;3;26;0.0;0;3.98;3.48;3.16;0.54;0.0;0.0;0.0;100.0;0.0;0.0;0.0;0.0;0.0;0.0;0.0;0.0;0.0;0.0;0;0;0;0;0;0;0;0;0;0;0;3
Île-de-France;Val-d'Oise;Cergy-Pontoise Vexin ;2025;3;16;0.0;0;1.46;3.61;3.08;0.14;0.0;33.3;0.0;0.0;0.0;0.0;0.0;0.0;0.0;33.3;33.3;0.0;0.0;0.0;0;0;0;0;0;0;0;0;0;0;0;3
Île-de-France;Val-d'Oise;Nord Val-d’Oise ;2025;3;23;0.0;0;2.38;3.65;3.16;0.14;0.0;0.0;0.0;66.7;0.0;0.0;0.0;0.0;0.0;33.3;0.0;0.0;0.0;0.0;0;0;0;0;0;0;0;0;0;0;0;3
Île-de-France;Val-d'Oise;Roissy Pays de France ;2025;3;31;0.0;0;2.3;2.6;3.43;0.14;0.0;0.0;0.0;33.3;0.0;0.0;33.3;0.0;0.0;33.3;0.0;0.0;0.0;0.0;0;0;0;0;0;0;0;0;0;0;0;3
Île-de-France;Val-de-Marne;Grand Orly Seine Bièvre ;2026;1;8;0.0;0;1.17;2.53;3.36;0.14;100.0;0.0;0.0;0.0;0.0;0.0;0.0;0.0;0.0;0.0;0.0;0.0;0.0;0.0;0;1;0;0;0;0;0;0;0;0;0;0
Île-de-France;Val-de-Marne;Grand Paris Sud-Est Avenir;2025;3;23;0.0;0;2.68;1.25;1.74;0.14;33.3;0.0;33.3;0.0;33.3;0.0;0.0;0.0;0.0;0.0;0.0;0.0;0.0;0.0;0;0;0;0;0;0;0;0;0;0;3;0
Île-de-France;Val-de-Marne;Paris Est Marne et Bois ;2025;3;23;0.0;0;2.2;1.44;3.45;0.29;66.7;0.0;0.0;0.0;0.0;0.0;0.0;0.0;33.3;0.0;0.0;0.0;0.0;0.0;0;0;0;0;0;0;0;0;0;0;3;0
Île-de-France;Yvelines;Seine Aval ;2026;7;66;6.0;2;2.95;3.48;3.44;0.27;0.0;0.0;0.0;28.6;0.0;0.0;0.0;0.0;0.0;57.1;14.3;0.0;0.0;0.0;1;3;3;0;0;0;0;0;0;0;0;0
Île-de-France;Yvelines;Sud-Ouest Francilien;2025;8;71;0.0;0;3.02;2.38;3.16;0.14;0.0;0.0;0.0;62.5;0.0;0.0;25.0;12.5;0.0;0.0;0.0;0.0;0.0;0.0;0;0;0;0;0;0;0;0;0;0;8;0
Île-de-France;Yvelines;Versailles - Saint-Quentin-en-Yvelines ;2025;6;54;0.0;0;2.67;2.77;3.4;0.22;0.0;16.7;0.0;50.0;0.0;0.0;16.7;0.0;0.0;16.7;0.0;0.0;0.0;0.0;0;0;0;0;0;0;0;0;0;0;1;5
